time,PriceElectricPowerHighlyDynamic
0,2
3600,2
7200,2
10800,2
14400,2
18000,2
21600,2
25200,2
28800,2
32400,2
36000,2
39600,2
43200,2
46800,2
50400,2
54000,2
57600,2
61200,5
64800,5
68400,5
72000,5
75600,5
79200,2
82800,2
86400,2
90000,2
93600,2
97200,2
100800,2
104400,2
108000,2
111600,2
115200,2
118800,2
122400,2
126000,2
129600,2
133200,2
136800,2
140400,2
144000,2
147600,5
151200,5
154800,5
158400,5
162000,5
165600,2
169200,2
172800,2
176400,2
180000,2
183600,2
187200,2
190800,2
194400,2
198000,2
201600,2
205200,2
208800,2
212400,2
216000,2
219600,2
223200,2
226800,2
230400,2
234000,5
237600,5
241200,5
244800,5
248400,5
252000,2
255600,2
259200,2
262800,2
266400,2
270000,2
273600,2
277200,2
280800,2
284400,2
288000,2
291600,2
295200,2
298800,2
302400,2
306000,2
309600,2
313200,2
316800,2
320400,5
324000,5
327600,5
331200,5
334800,5
338400,2
342000,2
345600,2
349200,2
352800,2
356400,2
360000,2
363600,2
367200,2
370800,2
374400,2
378000,2
381600,2
385200,2
388800,2
392400,2
396000,2
399600,2
403200,2
406800,5
410400,5
414000,5
417600,5
421200,5
424800,2
428400,2
432000,2
435600,2
439200,2
442800,2
446400,2
450000,2
453600,2
457200,2
460800,2
464400,2
468000,2
471600,2
475200,2
478800,2
482400,2
486000,2
489600,2
493200,5
496800,5
500400,5
504000,5
507600,5
511200,2
514800,2
518400,2
522000,2
525600,2
529200,2
532800,2
536400,2
540000,2
543600,2
547200,2
550800,2
554400,2
558000,2
561600,2
565200,2
568800,2
572400,2
576000,2
579600,5
583200,5
586800,5
590400,5
594000,5
597600,2
601200,2
604800,2
608400,2
612000,2
615600,2
619200,2
622800,2
626400,2
630000,2
633600,2
637200,2
640800,2
644400,2
648000,2
651600,2
655200,2
658800,2
662400,2
666000,5
669600,5
673200,5
676800,5
680400,5
684000,2
687600,2
691200,2
694800,2
698400,2
702000,2
705600,2
709200,2
712800,2
716400,2
720000,2
723600,2
727200,2
730800,2
734400,2
738000,2
741600,2
745200,2
748800,2
752400,5
756000,5
759600,5
763200,5
766800,5
770400,2
774000,2
777600,2
781200,2
784800,2
788400,2
792000,2
795600,2
799200,2
802800,2
806400,2
810000,2
813600,2
817200,2
820800,2
824400,2
828000,2
831600,2
835200,2
838800,5
842400,5
846000,5
849600,5
853200,5
856800,2
860400,2
864000,2
867600,2
871200,2
874800,2
878400,2
882000,2
885600,2
889200,2
892800,2
896400,2
900000,2
903600,2
907200,2
910800,2
914400,2
918000,2
921600,2
925200,5
928800,5
932400,5
936000,5
939600,5
943200,2
946800,2
950400,2
954000,2
957600,2
961200,2
964800,2
968400,2
972000,2
975600,2
979200,2
982800,2
986400,2
990000,2
993600,2
997200,2
1000800,2
1004400,2
1008000,2
1011600,5
1015200,5
1018800,5
1022400,5
1026000,5
1029600,2
1033200,2
1036800,2
1040400,2
1044000,2
1047600,2
1051200,2
1054800,2
1058400,2
1062000,2
1065600,2
1069200,2
1072800,2
1076400,2
1080000,2
1083600,2
1087200,2
1090800,2
1094400,2
1098000,5
1101600,5
1105200,5
1108800,5
1112400,5
1116000,2
1119600,2
1123200,2
1126800,2
1130400,2
1134000,2
1137600,2
1141200,2
1144800,2
1148400,2
1152000,2
1155600,2
1159200,2
1162800,2
1166400,2
1170000,2
1173600,2
1177200,2
1180800,2
1184400,5
1188000,5
1191600,5
1195200,5
1198800,5
1202400,2
1206000,2
1209600,2
1213200,2
1216800,2
1220400,2
1224000,2
1227600,2
1231200,2
1234800,2
1238400,2
1242000,2
1245600,2
1249200,2
1252800,2
1256400,2
1260000,2
1263600,2
1267200,2
1270800,5
1274400,5
1278000,5
1281600,5
1285200,5
1288800,2
1292400,2
1296000,2
1299600,2
1303200,2
1306800,2
1310400,2
1314000,2
1317600,2
1321200,2
1324800,2
1328400,2
1332000,2
1335600,2
1339200,2
1342800,2
1346400,2
1350000,2
1353600,2
1357200,5
1360800,5
1364400,5
1368000,5
1371600,5
1375200,2
1378800,2
1382400,2
1386000,2
1389600,2
1393200,2
1396800,2
1400400,2
1404000,2
1407600,2
1411200,2
1414800,2
1418400,2
1422000,2
1425600,2
1429200,2
1432800,2
1436400,2
1440000,2
1443600,5
1447200,5
1450800,5
1454400,5
1458000,5
1461600,2
1465200,2
1468800,2
1472400,2
1476000,2
1479600,2
1483200,2
1486800,2
1490400,2
1494000,2
1497600,2
1501200,2
1504800,2
1508400,2
1512000,2
1515600,2
1519200,2
1522800,2
1526400,2
1530000,5
1533600,5
1537200,5
1540800,5
1544400,5
1548000,2
1551600,2
1555200,2
1558800,2
1562400,2
1566000,2
1569600,2
1573200,2
1576800,2
1580400,2
1584000,2
1587600,2
1591200,2
1594800,2
1598400,2
1602000,2
1605600,2
1609200,2
1612800,2
1616400,5
1620000,5
1623600,5
1627200,5
1630800,5
1634400,2
1638000,2
1641600,2
1645200,2
1648800,2
1652400,2
1656000,2
1659600,2
1663200,2
1666800,2
1670400,2
1674000,2
1677600,2
1681200,2
1684800,2
1688400,2
1692000,2
1695600,2
1699200,2
1702800,5
1706400,5
1710000,5
1713600,5
1717200,5
1720800,2
1724400,2
1728000,2
1731600,2
1735200,2
1738800,2
1742400,2
1746000,2
1749600,2
1753200,2
1756800,2
1760400,2
1764000,2
1767600,2
1771200,2
1774800,2
1778400,2
1782000,2
1785600,2
1789200,5
1792800,5
1796400,5
1800000,5
1803600,5
1807200,2
1810800,2
1814400,2
1818000,2
1821600,2
1825200,2
1828800,2
1832400,2
1836000,2
1839600,2
1843200,2
1846800,2
1850400,2
1854000,2
1857600,2
1861200,2
1864800,2
1868400,2
1872000,2
1875600,5
1879200,5
1882800,5
1886400,5
1890000,5
1893600,2
1897200,2
1900800,2
1904400,2
1908000,2
1911600,2
1915200,2
1918800,2
1922400,2
1926000,2
1929600,2
1933200,2
1936800,2
1940400,2
1944000,2
1947600,2
1951200,2
1954800,2
1958400,2
1962000,5
1965600,5
1969200,5
1972800,5
1976400,5
1980000,2
1983600,2
1987200,2
1990800,2
1994400,2
1998000,2
2001600,2
2005200,2
2008800,2
2012400,2
2016000,2
2019600,2
2023200,2
2026800,2
2030400,2
2034000,2
2037600,2
2041200,2
2044800,2
2048400,5
2052000,5
2055600,5
2059200,5
2062800,5
2066400,2
2070000,2
2073600,2
2077200,2
2080800,2
2084400,2
2088000,2
2091600,2
2095200,2
2098800,2
2102400,2
2106000,2
2109600,2
2113200,2
2116800,2
2120400,2
2124000,2
2127600,2
2131200,2
2134800,5
2138400,5
2142000,5
2145600,5
2149200,5
2152800,2
2156400,2
2160000,2
2163600,2
2167200,2
2170800,2
2174400,2
2178000,2
2181600,2
2185200,2
2188800,2
2192400,2
2196000,2
2199600,2
2203200,2
2206800,2
2210400,2
2214000,2
2217600,2
2221200,5
2224800,5
2228400,5
2232000,5
2235600,5
2239200,2
2242800,2
2246400,2
2250000,2
2253600,2
2257200,2
2260800,2
2264400,2
2268000,2
2271600,2
2275200,2
2278800,2
2282400,2
2286000,2
2289600,2
2293200,2
2296800,2
2300400,2
2304000,2
2307600,5
2311200,5
2314800,5
2318400,5
2322000,5
2325600,2
2329200,2
2332800,2
2336400,2
2340000,2
2343600,2
2347200,2
2350800,2
2354400,2
2358000,2
2361600,2
2365200,2
2368800,2
2372400,2
2376000,2
2379600,2
2383200,2
2386800,2
2390400,2
2394000,5
2397600,5
2401200,5
2404800,5
2408400,5
2412000,2
2415600,2
2419200,2
2422800,2
2426400,2
2430000,2
2433600,2
2437200,2
2440800,2
2444400,2
2448000,2
2451600,2
2455200,2
2458800,2
2462400,2
2466000,2
2469600,2
2473200,2
2476800,2
2480400,5
2484000,5
2487600,5
2491200,5
2494800,5
2498400,2
2502000,2
2505600,2
2509200,2
2512800,2
2516400,2
2520000,2
2523600,2
2527200,2
2530800,2
2534400,2
2538000,2
2541600,2
2545200,2
2548800,2
2552400,2
2556000,2
2559600,2
2563200,2
2566800,5
2570400,5
2574000,5
2577600,5
2581200,5
2584800,2
2588400,2
2592000,2
2595600,2
2599200,2
2602800,2
2606400,2
2610000,2
2613600,2
2617200,2
2620800,2
2624400,2
2628000,2
2631600,2
2635200,2
2638800,2
2642400,2
2646000,2
2649600,2
2653200,5
2656800,5
2660400,5
2664000,5
2667600,5
2671200,2
2674800,2
2678400,2
2682000,2
2685600,2
2689200,2
2692800,2
2696400,2
2700000,2
2703600,2
2707200,2
2710800,2
2714400,2
2718000,2
2721600,2
2725200,2
2728800,2
2732400,2
2736000,2
2739600,5
2743200,5
2746800,5
2750400,5
2754000,5
2757600,2
2761200,2
2764800,2
2768400,2
2772000,2
2775600,2
2779200,2
2782800,2
2786400,2
2790000,2
2793600,2
2797200,2
2800800,2
2804400,2
2808000,2
2811600,2
2815200,2
2818800,2
2822400,2
2826000,5
2829600,5
2833200,5
2836800,5
2840400,5
2844000,2
2847600,2
2851200,2
2854800,2
2858400,2
2862000,2
2865600,2
2869200,2
2872800,2
2876400,2
2880000,2
2883600,2
2887200,2
2890800,2
2894400,2
2898000,2
2901600,2
2905200,2
2908800,2
2912400,5
2916000,5
2919600,5
2923200,5
2926800,5
2930400,2
2934000,2
2937600,2
2941200,2
2944800,2
2948400,2
2952000,2
2955600,2
2959200,2
2962800,2
2966400,2
2970000,2
2973600,2
2977200,2
2980800,2
2984400,2
2988000,2
2991600,2
2995200,2
2998800,5
3002400,5
3006000,5
3009600,5
3013200,5
3016800,2
3020400,2
3024000,2
3027600,2
3031200,2
3034800,2
3038400,2
3042000,2
3045600,2
3049200,2
3052800,2
3056400,2
3060000,2
3063600,2
3067200,2
3070800,2
3074400,2
3078000,2
3081600,2
3085200,5
3088800,5
3092400,5
3096000,5
3099600,5
3103200,2
3106800,2
3110400,2
3114000,2
3117600,2
3121200,2
3124800,2
3128400,2
3132000,2
3135600,2
3139200,2
3142800,2
3146400,2
3150000,2
3153600,2
3157200,2
3160800,2
3164400,2
3168000,2
3171600,5
3175200,5
3178800,5
3182400,5
3186000,5
3189600,2
3193200,2
3196800,2
3200400,2
3204000,2
3207600,2
3211200,2
3214800,2
3218400,2
3222000,2
3225600,2
3229200,2
3232800,2
3236400,2
3240000,2
3243600,2
3247200,2
3250800,2
3254400,2
3258000,5
3261600,5
3265200,5
3268800,5
3272400,5
3276000,2
3279600,2
3283200,2
3286800,2
3290400,2
3294000,2
3297600,2
3301200,2
3304800,2
3308400,2
3312000,2
3315600,2
3319200,2
3322800,2
3326400,2
3330000,2
3333600,2
3337200,2
3340800,2
3344400,5
3348000,5
3351600,5
3355200,5
3358800,5
3362400,2
3366000,2
3369600,2
3373200,2
3376800,2
3380400,2
3384000,2
3387600,2
3391200,2
3394800,2
3398400,2
3402000,2
3405600,2
3409200,2
3412800,2
3416400,2
3420000,2
3423600,2
3427200,2
3430800,5
3434400,5
3438000,5
3441600,5
3445200,5
3448800,2
3452400,2
3456000,2
3459600,2
3463200,2
3466800,2
3470400,2
3474000,2
3477600,2
3481200,2
3484800,2
3488400,2
3492000,2
3495600,2
3499200,2
3502800,2
3506400,2
3510000,2
3513600,2
3517200,5
3520800,5
3524400,5
3528000,5
3531600,5
3535200,2
3538800,2
3542400,2
3546000,2
3549600,2
3553200,2
3556800,2
3560400,2
3564000,2
3567600,2
3571200,2
3574800,2
3578400,2
3582000,2
3585600,2
3589200,2
3592800,2
3596400,2
3600000,2
3603600,5
3607200,5
3610800,5
3614400,5
3618000,5
3621600,2
3625200,2
3628800,2
3632400,2
3636000,2
3639600,2
3643200,2
3646800,2
3650400,2
3654000,2
3657600,2
3661200,2
3664800,2
3668400,2
3672000,2
3675600,2
3679200,2
3682800,2
3686400,2
3690000,5
3693600,5
3697200,5
3700800,5
3704400,5
3708000,2
3711600,2
3715200,2
3718800,2
3722400,2
3726000,2
3729600,2
3733200,2
3736800,2
3740400,2
3744000,2
3747600,2
3751200,2
3754800,2
3758400,2
3762000,2
3765600,2
3769200,2
3772800,2
3776400,5
3780000,5
3783600,5
3787200,5
3790800,5
3794400,2
3798000,2
3801600,2
3805200,2
3808800,2
3812400,2
3816000,2
3819600,2
3823200,2
3826800,2
3830400,2
3834000,2
3837600,2
3841200,2
3844800,2
3848400,2
3852000,2
3855600,2
3859200,2
3862800,5
3866400,5
3870000,5
3873600,5
3877200,5
3880800,2
3884400,2
3888000,2
3891600,2
3895200,2
3898800,2
3902400,2
3906000,2
3909600,2
3913200,2
3916800,2
3920400,2
3924000,2
3927600,2
3931200,2
3934800,2
3938400,2
3942000,2
3945600,2
3949200,5
3952800,5
3956400,5
3960000,5
3963600,5
3967200,2
3970800,2
3974400,2
3978000,2
3981600,2
3985200,2
3988800,2
3992400,2
3996000,2
3999600,2
4003200,2
4006800,2
4010400,2
4014000,2
4017600,2
4021200,2
4024800,2
4028400,2
4032000,2
4035600,5
4039200,5
4042800,5
4046400,5
4050000,5
4053600,2
4057200,2
4060800,2
4064400,2
4068000,2
4071600,2
4075200,2
4078800,2
4082400,2
4086000,2
4089600,2
4093200,2
4096800,2
4100400,2
4104000,2
4107600,2
4111200,2
4114800,2
4118400,2
4122000,5
4125600,5
4129200,5
4132800,5
4136400,5
4140000,2
4143600,2
4147200,2
4150800,2
4154400,2
4158000,2
4161600,2
4165200,2
4168800,2
4172400,2
4176000,2
4179600,2
4183200,2
4186800,2
4190400,2
4194000,2
4197600,2
4201200,2
4204800,2
4208400,5
4212000,5
4215600,5
4219200,5
4222800,5
4226400,2
4230000,2
4233600,2
4237200,2
4240800,2
4244400,2
4248000,2
4251600,2
4255200,2
4258800,2
4262400,2
4266000,2
4269600,2
4273200,2
4276800,2
4280400,2
4284000,2
4287600,2
4291200,2
4294800,5
4298400,5
4302000,5
4305600,5
4309200,5
4312800,2
4316400,2
4320000,2
4323600,2
4327200,2
4330800,2
4334400,2
4338000,2
4341600,2
4345200,2
4348800,2
4352400,2
4356000,2
4359600,2
4363200,2
4366800,2
4370400,2
4374000,2
4377600,2
4381200,5
4384800,5
4388400,5
4392000,5
4395600,5
4399200,2
4402800,2
4406400,2
4410000,2
4413600,2
4417200,2
4420800,2
4424400,2
4428000,2
4431600,2
4435200,2
4438800,2
4442400,2
4446000,2
4449600,2
4453200,2
4456800,2
4460400,2
4464000,2
4467600,5
4471200,5
4474800,5
4478400,5
4482000,5
4485600,2
4489200,2
4492800,2
4496400,2
4500000,2
4503600,2
4507200,2
4510800,2
4514400,2
4518000,2
4521600,2
4525200,2
4528800,2
4532400,2
4536000,2
4539600,2
4543200,2
4546800,2
4550400,2
4554000,5
4557600,5
4561200,5
4564800,5
4568400,5
4572000,2
4575600,2
4579200,2
4582800,2
4586400,2
4590000,2
4593600,2
4597200,2
4600800,2
4604400,2
4608000,2
4611600,2
4615200,2
4618800,2
4622400,2
4626000,2
4629600,2
4633200,2
4636800,2
4640400,5
4644000,5
4647600,5
4651200,5
4654800,5
4658400,2
4662000,2
4665600,2
4669200,2
4672800,2
4676400,2
4680000,2
4683600,2
4687200,2
4690800,2
4694400,2
4698000,2
4701600,2
4705200,2
4708800,2
4712400,2
4716000,2
4719600,2
4723200,2
4726800,5
4730400,5
4734000,5
4737600,5
4741200,5
4744800,2
4748400,2
4752000,2
4755600,2
4759200,2
4762800,2
4766400,2
4770000,2
4773600,2
4777200,2
4780800,2
4784400,2
4788000,2
4791600,2
4795200,2
4798800,2
4802400,2
4806000,2
4809600,2
4813200,5
4816800,5
4820400,5
4824000,5
4827600,5
4831200,2
4834800,2
4838400,2
4842000,2
4845600,2
4849200,2
4852800,2
4856400,2
4860000,2
4863600,2
4867200,2
4870800,2
4874400,2
4878000,2
4881600,2
4885200,2
4888800,2
4892400,2
4896000,2
4899600,5
4903200,5
4906800,5
4910400,5
4914000,5
4917600,2
4921200,2
4924800,2
4928400,2
4932000,2
4935600,2
4939200,2
4942800,2
4946400,2
4950000,2
4953600,2
4957200,2
4960800,2
4964400,2
4968000,2
4971600,2
4975200,2
4978800,2
4982400,2
4986000,5
4989600,5
4993200,5
4996800,5
5000400,5
5004000,2
5007600,2
5011200,2
5014800,2
5018400,2
5022000,2
5025600,2
5029200,2
5032800,2
5036400,2
5040000,2
5043600,2
5047200,2
5050800,2
5054400,2
5058000,2
5061600,2
5065200,2
5068800,2
5072400,5
5076000,5
5079600,5
5083200,5
5086800,5
5090400,2
5094000,2
5097600,2
5101200,2
5104800,2
5108400,2
5112000,2
5115600,2
5119200,2
5122800,2
5126400,2
5130000,2
5133600,2
5137200,2
5140800,2
5144400,2
5148000,2
5151600,2
5155200,2
5158800,5
5162400,5
5166000,5
5169600,5
5173200,5
5176800,2
5180400,2
5184000,2
5187600,2
5191200,2
5194800,2
5198400,2
5202000,2
5205600,2
5209200,2
5212800,2
5216400,2
5220000,2
5223600,2
5227200,2
5230800,2
5234400,2
5238000,2
5241600,2
5245200,5
5248800,5
5252400,5
5256000,5
5259600,5
5263200,2
5266800,2
5270400,2
5274000,2
5277600,2
5281200,2
5284800,2
5288400,2
5292000,2
5295600,2
5299200,2
5302800,2
5306400,2
5310000,2
5313600,2
5317200,2
5320800,2
5324400,2
5328000,2
5331600,5
5335200,5
5338800,5
5342400,5
5346000,5
5349600,2
5353200,2
5356800,2
5360400,2
5364000,2
5367600,2
5371200,2
5374800,2
5378400,2
5382000,2
5385600,2
5389200,2
5392800,2
5396400,2
5400000,2
5403600,2
5407200,2
5410800,2
5414400,2
5418000,5
5421600,5
5425200,5
5428800,5
5432400,5
5436000,2
5439600,2
5443200,2
5446800,2
5450400,2
5454000,2
5457600,2
5461200,2
5464800,2
5468400,2
5472000,2
5475600,2
5479200,2
5482800,2
5486400,2
5490000,2
5493600,2
5497200,2
5500800,2
5504400,5
5508000,5
5511600,5
5515200,5
5518800,5
5522400,2
5526000,2
5529600,2
5533200,2
5536800,2
5540400,2
5544000,2
5547600,2
5551200,2
5554800,2
5558400,2
5562000,2
5565600,2
5569200,2
5572800,2
5576400,2
5580000,2
5583600,2
5587200,2
5590800,5
5594400,5
5598000,5
5601600,5
5605200,5
5608800,2
5612400,2
5616000,2
5619600,2
5623200,2
5626800,2
5630400,2
5634000,2
5637600,2
5641200,2
5644800,2
5648400,2
5652000,2
5655600,2
5659200,2
5662800,2
5666400,2
5670000,2
5673600,2
5677200,5
5680800,5
5684400,5
5688000,5
5691600,5
5695200,2
5698800,2
5702400,2
5706000,2
5709600,2
5713200,2
5716800,2
5720400,2
5724000,2
5727600,2
5731200,2
5734800,2
5738400,2
5742000,2
5745600,2
5749200,2
5752800,2
5756400,2
5760000,2
5763600,5
5767200,5
5770800,5
5774400,5
5778000,5
5781600,2
5785200,2
5788800,2
5792400,2
5796000,2
5799600,2
5803200,2
5806800,2
5810400,2
5814000,2
5817600,2
5821200,2
5824800,2
5828400,2
5832000,2
5835600,2
5839200,2
5842800,2
5846400,2
5850000,5
5853600,5
5857200,5
5860800,5
5864400,5
5868000,2
5871600,2
5875200,2
5878800,2
5882400,2
5886000,2
5889600,2
5893200,2
5896800,2
5900400,2
5904000,2
5907600,2
5911200,2
5914800,2
5918400,2
5922000,2
5925600,2
5929200,2
5932800,2
5936400,5
5940000,5
5943600,5
5947200,5
5950800,5
5954400,2
5958000,2
5961600,2
5965200,2
5968800,2
5972400,2
5976000,2
5979600,2
5983200,2
5986800,2
5990400,2
5994000,2
5997600,2
6001200,2
6004800,2
6008400,2
6012000,2
6015600,2
6019200,2
6022800,5
6026400,5
6030000,5
6033600,5
6037200,5
6040800,2
6044400,2
6048000,2
6051600,2
6055200,2
6058800,2
6062400,2
6066000,2
6069600,2
6073200,2
6076800,2
6080400,2
6084000,2
6087600,2
6091200,2
6094800,2
6098400,2
6102000,2
6105600,2
6109200,5
6112800,5
6116400,5
6120000,5
6123600,5
6127200,2
6130800,2
6134400,2
6138000,2
6141600,2
6145200,2
6148800,2
6152400,2
6156000,2
6159600,2
6163200,2
6166800,2
6170400,2
6174000,2
6177600,2
6181200,2
6184800,2
6188400,2
6192000,2
6195600,5
6199200,5
6202800,5
6206400,5
6210000,5
6213600,2
6217200,2
6220800,2
6224400,2
6228000,2
6231600,2
6235200,2
6238800,2
6242400,2
6246000,2
6249600,2
6253200,2
6256800,2
6260400,2
6264000,2
6267600,2
6271200,2
6274800,2
6278400,2
6282000,5
6285600,5
6289200,5
6292800,5
6296400,5
6300000,2
6303600,2
6307200,2
6310800,2
6314400,2
6318000,2
6321600,2
6325200,2
6328800,2
6332400,2
6336000,2
6339600,2
6343200,2
6346800,2
6350400,2
6354000,2
6357600,2
6361200,2
6364800,2
6368400,5
6372000,5
6375600,5
6379200,5
6382800,5
6386400,2
6390000,2
6393600,2
6397200,2
6400800,2
6404400,2
6408000,2
6411600,2
6415200,2
6418800,2
6422400,2
6426000,2
6429600,2
6433200,2
6436800,2
6440400,2
6444000,2
6447600,2
6451200,2
6454800,5
6458400,5
6462000,5
6465600,5
6469200,5
6472800,2
6476400,2
6480000,2
6483600,2
6487200,2
6490800,2
6494400,2
6498000,2
6501600,2
6505200,2
6508800,2
6512400,2
6516000,2
6519600,2
6523200,2
6526800,2
6530400,2
6534000,2
6537600,2
6541200,5
6544800,5
6548400,5
6552000,5
6555600,5
6559200,2
6562800,2
6566400,2
6570000,2
6573600,2
6577200,2
6580800,2
6584400,2
6588000,2
6591600,2
6595200,2
6598800,2
6602400,2
6606000,2
6609600,2
6613200,2
6616800,2
6620400,2
6624000,2
6627600,5
6631200,5
6634800,5
6638400,5
6642000,5
6645600,2
6649200,2
6652800,2
6656400,2
6660000,2
6663600,2
6667200,2
6670800,2
6674400,2
6678000,2
6681600,2
6685200,2
6688800,2
6692400,2
6696000,2
6699600,2
6703200,2
6706800,2
6710400,2
6714000,5
6717600,5
6721200,5
6724800,5
6728400,5
6732000,2
6735600,2
6739200,2
6742800,2
6746400,2
6750000,2
6753600,2
6757200,2
6760800,2
6764400,2
6768000,2
6771600,2
6775200,2
6778800,2
6782400,2
6786000,2
6789600,2
6793200,2
6796800,2
6800400,5
6804000,5
6807600,5
6811200,5
6814800,5
6818400,2
6822000,2
6825600,2
6829200,2
6832800,2
6836400,2
6840000,2
6843600,2
6847200,2
6850800,2
6854400,2
6858000,2
6861600,2
6865200,2
6868800,2
6872400,2
6876000,2
6879600,2
6883200,2
6886800,5
6890400,5
6894000,5
6897600,5
6901200,5
6904800,2
6908400,2
6912000,2
6915600,2
6919200,2
6922800,2
6926400,2
6930000,2
6933600,2
6937200,2
6940800,2
6944400,2
6948000,2
6951600,2
6955200,2
6958800,2
6962400,2
6966000,2
6969600,2
6973200,5
6976800,5
6980400,5
6984000,5
6987600,5
6991200,2
6994800,2
6998400,2
7002000,2
7005600,2
7009200,2
7012800,2
7016400,2
7020000,2
7023600,2
7027200,2
7030800,2
7034400,2
7038000,2
7041600,2
7045200,2
7048800,2
7052400,2
7056000,2
7059600,5
7063200,5
7066800,5
7070400,5
7074000,5
7077600,2
7081200,2
7084800,2
7088400,2
7092000,2
7095600,2
7099200,2
7102800,2
7106400,2
7110000,2
7113600,2
7117200,2
7120800,2
7124400,2
7128000,2
7131600,2
7135200,2
7138800,2
7142400,2
7146000,5
7149600,5
7153200,5
7156800,5
7160400,5
7164000,2
7167600,2
7171200,2
7174800,2
7178400,2
7182000,2
7185600,2
7189200,2
7192800,2
7196400,2
7200000,2
7203600,2
7207200,2
7210800,2
7214400,2
7218000,2
7221600,2
7225200,2
7228800,2
7232400,5
7236000,5
7239600,5
7243200,5
7246800,5
7250400,2
7254000,2
7257600,2
7261200,2
7264800,2
7268400,2
7272000,2
7275600,2
7279200,2
7282800,2
7286400,2
7290000,2
7293600,2
7297200,2
7300800,2
7304400,2
7308000,2
7311600,2
7315200,2
7318800,5
7322400,5
7326000,5
7329600,5
7333200,5
7336800,2
7340400,2
7344000,2
7347600,2
7351200,2
7354800,2
7358400,2
7362000,2
7365600,2
7369200,2
7372800,2
7376400,2
7380000,2
7383600,2
7387200,2
7390800,2
7394400,2
7398000,2
7401600,2
7405200,5
7408800,5
7412400,5
7416000,5
7419600,5
7423200,2
7426800,2
7430400,2
7434000,2
7437600,2
7441200,2
7444800,2
7448400,2
7452000,2
7455600,2
7459200,2
7462800,2
7466400,2
7470000,2
7473600,2
7477200,2
7480800,2
7484400,2
7488000,2
7491600,5
7495200,5
7498800,5
7502400,5
7506000,5
7509600,2
7513200,2
7516800,2
7520400,2
7524000,2
7527600,2
7531200,2
7534800,2
7538400,2
7542000,2
7545600,2
7549200,2
7552800,2
7556400,2
7560000,2
7563600,2
7567200,2
7570800,2
7574400,2
7578000,5
7581600,5
7585200,5
7588800,5
7592400,5
7596000,2
7599600,2
7603200,2
7606800,2
7610400,2
7614000,2
7617600,2
7621200,2
7624800,2
7628400,2
7632000,2
7635600,2
7639200,2
7642800,2
7646400,2
7650000,2
7653600,2
7657200,2
7660800,2
7664400,5
7668000,5
7671600,5
7675200,5
7678800,5
7682400,2
7686000,2
7689600,2
7693200,2
7696800,2
7700400,2
7704000,2
7707600,2
7711200,2
7714800,2
7718400,2
7722000,2
7725600,2
7729200,2
7732800,2
7736400,2
7740000,2
7743600,2
7747200,2
7750800,5
7754400,5
7758000,5
7761600,5
7765200,5
7768800,2
7772400,2
7776000,2
7779600,2
7783200,2
7786800,2
7790400,2
7794000,2
7797600,2
7801200,2
7804800,2
7808400,2
7812000,2
7815600,2
7819200,2
7822800,2
7826400,2
7830000,2
7833600,2
7837200,5
7840800,5
7844400,5
7848000,5
7851600,5
7855200,2
7858800,2
7862400,2
7866000,2
7869600,2
7873200,2
7876800,2
7880400,2
7884000,2
7887600,2
7891200,2
7894800,2
7898400,2
7902000,2
7905600,2
7909200,2
7912800,2
7916400,2
7920000,2
7923600,5
7927200,5
7930800,5
7934400,5
7938000,5
7941600,2
7945200,2
7948800,2
7952400,2
7956000,2
7959600,2
7963200,2
7966800,2
7970400,2
7974000,2
7977600,2
7981200,2
7984800,2
7988400,2
7992000,2
7995600,2
7999200,2
8002800,2
8006400,2
8010000,5
8013600,5
8017200,5
8020800,5
8024400,5
8028000,2
8031600,2
8035200,2
8038800,2
8042400,2
8046000,2
8049600,2
8053200,2
8056800,2
8060400,2
8064000,2
8067600,2
8071200,2
8074800,2
8078400,2
8082000,2
8085600,2
8089200,2
8092800,2
8096400,5
8100000,5
8103600,5
8107200,5
8110800,5
8114400,2
8118000,2
8121600,2
8125200,2
8128800,2
8132400,2
8136000,2
8139600,2
8143200,2
8146800,2
8150400,2
8154000,2
8157600,2
8161200,2
8164800,2
8168400,2
8172000,2
8175600,2
8179200,2
8182800,5
8186400,5
8190000,5
8193600,5
8197200,5
8200800,2
8204400,2
8208000,2
8211600,2
8215200,2
8218800,2
8222400,2
8226000,2
8229600,2
8233200,2
8236800,2
8240400,2
8244000,2
8247600,2
8251200,2
8254800,2
8258400,2
8262000,2
8265600,2
8269200,5
8272800,5
8276400,5
8280000,5
8283600,5
8287200,2
8290800,2
8294400,2
8298000,2
8301600,2
8305200,2
8308800,2
8312400,2
8316000,2
8319600,2
8323200,2
8326800,2
8330400,2
8334000,2
8337600,2
8341200,2
8344800,2
8348400,2
8352000,2
8355600,5
8359200,5
8362800,5
8366400,5
8370000,5
8373600,2
8377200,2
8380800,2
8384400,2
8388000,2
8391600,2
8395200,2
8398800,2
8402400,2
8406000,2
8409600,2
8413200,2
8416800,2
8420400,2
8424000,2
8427600,2
8431200,2
8434800,2
8438400,2
8442000,5
8445600,5
8449200,5
8452800,5
8456400,5
8460000,2
8463600,2
8467200,2
8470800,2
8474400,2
8478000,2
8481600,2
8485200,2
8488800,2
8492400,2
8496000,2
8499600,2
8503200,2
8506800,2
8510400,2
8514000,2
8517600,2
8521200,2
8524800,2
8528400,5
8532000,5
8535600,5
8539200,5
8542800,5
8546400,2
8550000,2
8553600,2
8557200,2
8560800,2
8564400,2
8568000,2
8571600,2
8575200,2
8578800,2
8582400,2
8586000,2
8589600,2
8593200,2
8596800,2
8600400,2
8604000,2
8607600,2
8611200,2
8614800,5
8618400,5
8622000,5
8625600,5
8629200,5
8632800,2
8636400,2
8640000,2
8643600,2
8647200,2
8650800,2
8654400,2
8658000,2
8661600,2
8665200,2
8668800,2
8672400,2
8676000,2
8679600,2
8683200,2
8686800,2
8690400,2
8694000,2
8697600,2
8701200,5
8704800,5
8708400,5
8712000,5
8715600,5
8719200,2
8722800,2
8726400,2
8730000,2
8733600,2
8737200,2
8740800,2
8744400,2
8748000,2
8751600,2
8755200,2
8758800,2
8762400,2
8766000,2
8769600,2
8773200,2
8776800,2
8780400,2
8784000,2
8787600,5
8791200,5
8794800,5
8798400,5
8802000,5
8805600,2
8809200,2
8812800,2
8816400,2
8820000,2
8823600,2
8827200,2
8830800,2
8834400,2
8838000,2
8841600,2
8845200,2
8848800,2
8852400,2
8856000,2
8859600,2
8863200,2
8866800,2
8870400,2
8874000,5
8877600,5
8881200,5
8884800,5
8888400,5
8892000,2
8895600,2
8899200,2
8902800,2
8906400,2
8910000,2
8913600,2
8917200,2
8920800,2
8924400,2
8928000,2
8931600,2
8935200,2
8938800,2
8942400,2
8946000,2
8949600,2
8953200,2
8956800,2
8960400,5
8964000,5
8967600,5
8971200,5
8974800,5
8978400,2
8982000,2
8985600,2
8989200,2
8992800,2
8996400,2
9000000,2
9003600,2
9007200,2
9010800,2
9014400,2
9018000,2
9021600,2
9025200,2
9028800,2
9032400,2
9036000,2
9039600,2
9043200,2
9046800,5
9050400,5
9054000,5
9057600,5
9061200,5
9064800,2
9068400,2
9072000,2
9075600,2
9079200,2
9082800,2
9086400,2
9090000,2
9093600,2
9097200,2
9100800,2
9104400,2
9108000,2
9111600,2
9115200,2
9118800,2
9122400,2
9126000,2
9129600,2
9133200,5
9136800,5
9140400,5
9144000,5
9147600,5
9151200,2
9154800,2
9158400,2
9162000,2
9165600,2
9169200,2
9172800,2
9176400,2
9180000,2
9183600,2
9187200,2
9190800,2
9194400,2
9198000,2
9201600,2
9205200,2
9208800,2
9212400,2
9216000,2
9219600,5
9223200,5
9226800,5
9230400,5
9234000,5
9237600,2
9241200,2
9244800,2
9248400,2
9252000,2
9255600,2
9259200,2
9262800,2
9266400,2
9270000,2
9273600,2
9277200,2
9280800,2
9284400,2
9288000,2
9291600,2
9295200,2
9298800,2
9302400,2
9306000,5
9309600,5
9313200,5
9316800,5
9320400,5
9324000,2
9327600,2
9331200,2
9334800,2
9338400,2
9342000,2
9345600,2
9349200,2
9352800,2
9356400,2
9360000,2
9363600,2
9367200,2
9370800,2
9374400,2
9378000,2
9381600,2
9385200,2
9388800,2
9392400,5
9396000,5
9399600,5
9403200,5
9406800,5
9410400,2
9414000,2
9417600,2
9421200,2
9424800,2
9428400,2
9432000,2
9435600,2
9439200,2
9442800,2
9446400,2
9450000,2
9453600,2
9457200,2
9460800,2
9464400,2
9468000,2
9471600,2
9475200,2
9478800,5
9482400,5
9486000,5
9489600,5
9493200,5
9496800,2
9500400,2
9504000,2
9507600,2
9511200,2
9514800,2
9518400,2
9522000,2
9525600,2
9529200,2
9532800,2
9536400,2
9540000,2
9543600,2
9547200,2
9550800,2
9554400,2
9558000,2
9561600,2
9565200,5
9568800,5
9572400,5
9576000,5
9579600,5
9583200,2
9586800,2
9590400,2
9594000,2
9597600,2
9601200,2
9604800,2
9608400,2
9612000,2
9615600,2
9619200,2
9622800,2
9626400,2
9630000,2
9633600,2
9637200,2
9640800,2
9644400,2
9648000,2
9651600,5
9655200,5
9658800,5
9662400,5
9666000,5
9669600,2
9673200,2
9676800,2
9680400,2
9684000,2
9687600,2
9691200,2
9694800,2
9698400,2
9702000,2
9705600,2
9709200,2
9712800,2
9716400,2
9720000,2
9723600,2
9727200,2
9730800,2
9734400,2
9738000,5
9741600,5
9745200,5
9748800,5
9752400,5
9756000,2
9759600,2
9763200,2
9766800,2
9770400,2
9774000,2
9777600,2
9781200,2
9784800,2
9788400,2
9792000,2
9795600,2
9799200,2
9802800,2
9806400,2
9810000,2
9813600,2
9817200,2
9820800,2
9824400,5
9828000,5
9831600,5
9835200,5
9838800,5
9842400,2
9846000,2
9849600,2
9853200,2
9856800,2
9860400,2
9864000,2
9867600,2
9871200,2
9874800,2
9878400,2
9882000,2
9885600,2
9889200,2
9892800,2
9896400,2
9900000,2
9903600,2
9907200,2
9910800,5
9914400,5
9918000,5
9921600,5
9925200,5
9928800,2
9932400,2
9936000,2
9939600,2
9943200,2
9946800,2
9950400,2
9954000,2
9957600,2
9961200,2
9964800,2
9968400,2
9972000,2
9975600,2
9979200,2
9982800,2
9986400,2
9990000,2
9993600,2
9997200,5
10000800,5
10004400,5
10008000,5
10011600,5
10015200,2
10018800,2
10022400,2
10026000,2
10029600,2
10033200,2
10036800,2
10040400,2
10044000,2
10047600,2
10051200,2
10054800,2
10058400,2
10062000,2
10065600,2
10069200,2
10072800,2
10076400,2
10080000,2
10083600,5
10087200,5
10090800,5
10094400,5
10098000,5
10101600,2
10105200,2
10108800,2
10112400,2
10116000,2
10119600,2
10123200,2
10126800,2
10130400,2
10134000,2
10137600,2
10141200,2
10144800,2
10148400,2
10152000,2
10155600,2
10159200,2
10162800,2
10166400,2
10170000,5
10173600,5
10177200,5
10180800,5
10184400,5
10188000,2
10191600,2
10195200,2
10198800,2
10202400,2
10206000,2
10209600,2
10213200,2
10216800,2
10220400,2
10224000,2
10227600,2
10231200,2
10234800,2
10238400,2
10242000,2
10245600,2
10249200,2
10252800,2
10256400,5
10260000,5
10263600,5
10267200,5
10270800,5
10274400,2
10278000,2
10281600,2
10285200,2
10288800,2
10292400,2
10296000,2
10299600,2
10303200,2
10306800,2
10310400,2
10314000,2
10317600,2
10321200,2
10324800,2
10328400,2
10332000,2
10335600,2
10339200,2
10342800,5
10346400,5
10350000,5
10353600,5
10357200,5
10360800,2
10364400,2
10368000,2
10371600,2
10375200,2
10378800,2
10382400,2
10386000,2
10389600,2
10393200,2
10396800,2
10400400,2
10404000,2
10407600,2
10411200,2
10414800,2
10418400,2
10422000,2
10425600,2
10429200,5
10432800,5
10436400,5
10440000,5
10443600,5
10447200,2
10450800,2
10454400,2
10458000,2
10461600,2
10465200,2
10468800,2
10472400,2
10476000,2
10479600,2
10483200,2
10486800,2
10490400,2
10494000,2
10497600,2
10501200,2
10504800,2
10508400,2
10512000,2
10515600,5
10519200,5
10522800,5
10526400,5
10530000,5
10533600,2
10537200,2
10540800,2
10544400,2
10548000,2
10551600,2
10555200,2
10558800,2
10562400,2
10566000,2
10569600,2
10573200,2
10576800,2
10580400,2
10584000,2
10587600,2
10591200,2
10594800,2
10598400,2
10602000,5
10605600,5
10609200,5
10612800,5
10616400,5
10620000,2
10623600,2
10627200,2
10630800,2
10634400,2
10638000,2
10641600,2
10645200,2
10648800,2
10652400,2
10656000,2
10659600,2
10663200,2
10666800,2
10670400,2
10674000,2
10677600,2
10681200,2
10684800,2
10688400,5
10692000,5
10695600,5
10699200,5
10702800,5
10706400,2
10710000,2
10713600,2
10717200,2
10720800,2
10724400,2
10728000,2
10731600,2
10735200,2
10738800,2
10742400,2
10746000,2
10749600,2
10753200,2
10756800,2
10760400,2
10764000,2
10767600,2
10771200,2
10774800,5
10778400,5
10782000,5
10785600,5
10789200,5
10792800,2
10796400,2
10800000,2
10803600,2
10807200,2
10810800,2
10814400,2
10818000,2
10821600,2
10825200,2
10828800,2
10832400,2
10836000,2
10839600,2
10843200,2
10846800,2
10850400,2
10854000,2
10857600,2
10861200,5
10864800,5
10868400,5
10872000,5
10875600,5
10879200,2
10882800,2
10886400,2
10890000,2
10893600,2
10897200,2
10900800,2
10904400,2
10908000,2
10911600,2
10915200,2
10918800,2
10922400,2
10926000,2
10929600,2
10933200,2
10936800,2
10940400,2
10944000,2
10947600,5
10951200,5
10954800,5
10958400,5
10962000,5
10965600,2
10969200,2
10972800,2
10976400,2
10980000,2
10983600,2
10987200,2
10990800,2
10994400,2
10998000,2
11001600,2
11005200,2
11008800,2
11012400,2
11016000,2
11019600,2
11023200,2
11026800,2
11030400,2
11034000,5
11037600,5
11041200,5
11044800,5
11048400,5
11052000,2
11055600,2
11059200,2
11062800,2
11066400,2
11070000,2
11073600,2
11077200,2
11080800,2
11084400,2
11088000,2
11091600,2
11095200,2
11098800,2
11102400,2
11106000,2
11109600,2
11113200,2
11116800,2
11120400,5
11124000,5
11127600,5
11131200,5
11134800,5
11138400,2
11142000,2
11145600,2
11149200,2
11152800,2
11156400,2
11160000,2
11163600,2
11167200,2
11170800,2
11174400,2
11178000,2
11181600,2
11185200,2
11188800,2
11192400,2
11196000,2
11199600,2
11203200,2
11206800,5
11210400,5
11214000,5
11217600,5
11221200,5
11224800,2
11228400,2
11232000,2
11235600,2
11239200,2
11242800,2
11246400,2
11250000,2
11253600,2
11257200,2
11260800,2
11264400,2
11268000,2
11271600,2
11275200,2
11278800,2
11282400,2
11286000,2
11289600,2
11293200,5
11296800,5
11300400,5
11304000,5
11307600,5
11311200,2
11314800,2
11318400,2
11322000,2
11325600,2
11329200,2
11332800,2
11336400,2
11340000,2
11343600,2
11347200,2
11350800,2
11354400,2
11358000,2
11361600,2
11365200,2
11368800,2
11372400,2
11376000,2
11379600,5
11383200,5
11386800,5
11390400,5
11394000,5
11397600,2
11401200,2
11404800,2
11408400,2
11412000,2
11415600,2
11419200,2
11422800,2
11426400,2
11430000,2
11433600,2
11437200,2
11440800,2
11444400,2
11448000,2
11451600,2
11455200,2
11458800,2
11462400,2
11466000,5
11469600,5
11473200,5
11476800,5
11480400,5
11484000,2
11487600,2
11491200,2
11494800,2
11498400,2
11502000,2
11505600,2
11509200,2
11512800,2
11516400,2
11520000,2
11523600,2
11527200,2
11530800,2
11534400,2
11538000,2
11541600,2
11545200,2
11548800,2
11552400,5
11556000,5
11559600,5
11563200,5
11566800,5
11570400,2
11574000,2
11577600,2
11581200,2
11584800,2
11588400,2
11592000,2
11595600,2
11599200,2
11602800,2
11606400,2
11610000,2
11613600,2
11617200,2
11620800,2
11624400,2
11628000,2
11631600,2
11635200,2
11638800,5
11642400,5
11646000,5
11649600,5
11653200,5
11656800,2
11660400,2
11664000,2
11667600,2
11671200,2
11674800,2
11678400,2
11682000,2
11685600,2
11689200,2
11692800,2
11696400,2
11700000,2
11703600,2
11707200,2
11710800,2
11714400,2
11718000,2
11721600,2
11725200,5
11728800,5
11732400,5
11736000,5
11739600,5
11743200,2
11746800,2
11750400,2
11754000,2
11757600,2
11761200,2
11764800,2
11768400,2
11772000,2
11775600,2
11779200,2
11782800,2
11786400,2
11790000,2
11793600,2
11797200,2
11800800,2
11804400,2
11808000,2
11811600,5
11815200,5
11818800,5
11822400,5
11826000,5
11829600,2
11833200,2
11836800,2
11840400,2
11844000,2
11847600,2
11851200,2
11854800,2
11858400,2
11862000,2
11865600,2
11869200,2
11872800,2
11876400,2
11880000,2
11883600,2
11887200,2
11890800,2
11894400,2
11898000,5
11901600,5
11905200,5
11908800,5
11912400,5
11916000,2
11919600,2
11923200,2
11926800,2
11930400,2
11934000,2
11937600,2
11941200,2
11944800,2
11948400,2
11952000,2
11955600,2
11959200,2
11962800,2
11966400,2
11970000,2
11973600,2
11977200,2
11980800,2
11984400,5
11988000,5
11991600,5
11995200,5
11998800,5
12002400,2
12006000,2
12009600,2
12013200,2
12016800,2
12020400,2
12024000,2
12027600,2
12031200,2
12034800,2
12038400,2
12042000,2
12045600,2
12049200,2
12052800,2
12056400,2
12060000,2
12063600,2
12067200,2
12070800,5
12074400,5
12078000,5
12081600,5
12085200,5
12088800,2
12092400,2
12096000,2
12099600,2
12103200,2
12106800,2
12110400,2
12114000,2
12117600,2
12121200,2
12124800,2
12128400,2
12132000,2
12135600,2
12139200,2
12142800,2
12146400,2
12150000,2
12153600,2
12157200,5
12160800,5
12164400,5
12168000,5
12171600,5
12175200,2
12178800,2
12182400,2
12186000,2
12189600,2
12193200,2
12196800,2
12200400,2
12204000,2
12207600,2
12211200,2
12214800,2
12218400,2
12222000,2
12225600,2
12229200,2
12232800,2
12236400,2
12240000,2
12243600,5
12247200,5
12250800,5
12254400,5
12258000,5
12261600,2
12265200,2
12268800,2
12272400,2
12276000,2
12279600,2
12283200,2
12286800,2
12290400,2
12294000,2
12297600,2
12301200,2
12304800,2
12308400,2
12312000,2
12315600,2
12319200,2
12322800,2
12326400,2
12330000,5
12333600,5
12337200,5
12340800,5
12344400,5
12348000,2
12351600,2
12355200,2
12358800,2
12362400,2
12366000,2
12369600,2
12373200,2
12376800,2
12380400,2
12384000,2
12387600,2
12391200,2
12394800,2
12398400,2
12402000,2
12405600,2
12409200,2
12412800,2
12416400,5
12420000,5
12423600,5
12427200,5
12430800,5
12434400,2
12438000,2
12441600,2
12445200,2
12448800,2
12452400,2
12456000,2
12459600,2
12463200,2
12466800,2
12470400,2
12474000,2
12477600,2
12481200,2
12484800,2
12488400,2
12492000,2
12495600,2
12499200,2
12502800,5
12506400,5
12510000,5
12513600,5
12517200,5
12520800,2
12524400,2
12528000,2
12531600,2
12535200,2
12538800,2
12542400,2
12546000,2
12549600,2
12553200,2
12556800,2
12560400,2
12564000,2
12567600,2
12571200,2
12574800,2
12578400,2
12582000,2
12585600,2
12589200,5
12592800,5
12596400,5
12600000,5
12603600,5
12607200,2
12610800,2
12614400,2
12618000,2
12621600,2
12625200,2
12628800,2
12632400,2
12636000,2
12639600,2
12643200,2
12646800,2
12650400,2
12654000,2
12657600,2
12661200,2
12664800,2
12668400,2
12672000,2
12675600,5
12679200,5
12682800,5
12686400,5
12690000,5
12693600,2
12697200,2
12700800,2
12704400,2
12708000,2
12711600,2
12715200,2
12718800,2
12722400,2
12726000,2
12729600,2
12733200,2
12736800,2
12740400,2
12744000,2
12747600,2
12751200,2
12754800,2
12758400,2
12762000,5
12765600,5
12769200,5
12772800,5
12776400,5
12780000,2
12783600,2
12787200,2
12790800,2
12794400,2
12798000,2
12801600,2
12805200,2
12808800,2
12812400,2
12816000,2
12819600,2
12823200,2
12826800,2
12830400,2
12834000,2
12837600,2
12841200,2
12844800,2
12848400,5
12852000,5
12855600,5
12859200,5
12862800,5
12866400,2
12870000,2
12873600,2
12877200,2
12880800,2
12884400,2
12888000,2
12891600,2
12895200,2
12898800,2
12902400,2
12906000,2
12909600,2
12913200,2
12916800,2
12920400,2
12924000,2
12927600,2
12931200,2
12934800,5
12938400,5
12942000,5
12945600,5
12949200,5
12952800,2
12956400,2
12960000,2
12963600,2
12967200,2
12970800,2
12974400,2
12978000,2
12981600,2
12985200,2
12988800,2
12992400,2
12996000,2
12999600,2
13003200,2
13006800,2
13010400,2
13014000,2
13017600,2
13021200,5
13024800,5
13028400,5
13032000,5
13035600,5
13039200,2
13042800,2
13046400,2
13050000,2
13053600,2
13057200,2
13060800,2
13064400,2
13068000,2
13071600,2
13075200,2
13078800,2
13082400,2
13086000,2
13089600,2
13093200,2
13096800,2
13100400,2
13104000,2
13107600,5
13111200,5
13114800,5
13118400,5
13122000,5
13125600,2
13129200,2
13132800,2
13136400,2
13140000,2
13143600,2
13147200,2
13150800,2
13154400,2
13158000,2
13161600,2
13165200,2
13168800,2
13172400,2
13176000,2
13179600,2
13183200,2
13186800,2
13190400,2
13194000,5
13197600,5
13201200,5
13204800,5
13208400,5
13212000,2
13215600,2
13219200,2
13222800,2
13226400,2
13230000,2
13233600,2
13237200,2
13240800,2
13244400,2
13248000,2
13251600,2
13255200,2
13258800,2
13262400,2
13266000,2
13269600,2
13273200,2
13276800,2
13280400,5
13284000,5
13287600,5
13291200,5
13294800,5
13298400,2
13302000,2
13305600,2
13309200,2
13312800,2
13316400,2
13320000,2
13323600,2
13327200,2
13330800,2
13334400,2
13338000,2
13341600,2
13345200,2
13348800,2
13352400,2
13356000,2
13359600,2
13363200,2
13366800,5
13370400,5
13374000,5
13377600,5
13381200,5
13384800,2
13388400,2
13392000,2
13395600,2
13399200,2
13402800,2
13406400,2
13410000,2
13413600,2
13417200,2
13420800,2
13424400,2
13428000,2
13431600,2
13435200,2
13438800,2
13442400,2
13446000,2
13449600,2
13453200,5
13456800,5
13460400,5
13464000,5
13467600,5
13471200,2
13474800,2
13478400,2
13482000,2
13485600,2
13489200,2
13492800,2
13496400,2
13500000,2
13503600,2
13507200,2
13510800,2
13514400,2
13518000,2
13521600,2
13525200,2
13528800,2
13532400,2
13536000,2
13539600,5
13543200,5
13546800,5
13550400,5
13554000,5
13557600,2
13561200,2
13564800,2
13568400,2
13572000,2
13575600,2
13579200,2
13582800,2
13586400,2
13590000,2
13593600,2
13597200,2
13600800,2
13604400,2
13608000,2
13611600,2
13615200,2
13618800,2
13622400,2
13626000,5
13629600,5
13633200,5
13636800,5
13640400,5
13644000,2
13647600,2
13651200,2
13654800,2
13658400,2
13662000,2
13665600,2
13669200,2
13672800,2
13676400,2
13680000,2
13683600,2
13687200,2
13690800,2
13694400,2
13698000,2
13701600,2
13705200,2
13708800,2
13712400,5
13716000,5
13719600,5
13723200,5
13726800,5
13730400,2
13734000,2
13737600,2
13741200,2
13744800,2
13748400,2
13752000,2
13755600,2
13759200,2
13762800,2
13766400,2
13770000,2
13773600,2
13777200,2
13780800,2
13784400,2
13788000,2
13791600,2
13795200,2
13798800,5
13802400,5
13806000,5
13809600,5
13813200,5
13816800,2
13820400,2
13824000,2
13827600,2
13831200,2
13834800,2
13838400,2
13842000,2
13845600,2
13849200,2
13852800,2
13856400,2
13860000,2
13863600,2
13867200,2
13870800,2
13874400,2
13878000,2
13881600,2
13885200,5
13888800,5
13892400,5
13896000,5
13899600,5
13903200,2
13906800,2
13910400,2
13914000,2
13917600,2
13921200,2
13924800,2
13928400,2
13932000,2
13935600,2
13939200,2
13942800,2
13946400,2
13950000,2
13953600,2
13957200,2
13960800,2
13964400,2
13968000,2
13971600,5
13975200,5
13978800,5
13982400,5
13986000,5
13989600,2
13993200,2
13996800,2
14000400,2
14004000,2
14007600,2
14011200,2
14014800,2
14018400,2
14022000,2
14025600,2
14029200,2
14032800,2
14036400,2
14040000,2
14043600,2
14047200,2
14050800,2
14054400,2
14058000,5
14061600,5
14065200,5
14068800,5
14072400,5
14076000,2
14079600,2
14083200,2
14086800,2
14090400,2
14094000,2
14097600,2
14101200,2
14104800,2
14108400,2
14112000,2
14115600,2
14119200,2
14122800,2
14126400,2
14130000,2
14133600,2
14137200,2
14140800,2
14144400,5
14148000,5
14151600,5
14155200,5
14158800,5
14162400,2
14166000,2
14169600,2
14173200,2
14176800,2
14180400,2
14184000,2
14187600,2
14191200,2
14194800,2
14198400,2
14202000,2
14205600,2
14209200,2
14212800,2
14216400,2
14220000,2
14223600,2
14227200,2
14230800,5
14234400,5
14238000,5
14241600,5
14245200,5
14248800,2
14252400,2
14256000,2
14259600,2
14263200,2
14266800,2
14270400,2
14274000,2
14277600,2
14281200,2
14284800,2
14288400,2
14292000,2
14295600,2
14299200,2
14302800,2
14306400,2
14310000,2
14313600,2
14317200,5
14320800,5
14324400,5
14328000,5
14331600,5
14335200,2
14338800,2
14342400,2
14346000,2
14349600,2
14353200,2
14356800,2
14360400,2
14364000,2
14367600,2
14371200,2
14374800,2
14378400,2
14382000,2
14385600,2
14389200,2
14392800,2
14396400,2
14400000,2
14403600,5
14407200,5
14410800,5
14414400,5
14418000,5
14421600,2
14425200,2
14428800,2
14432400,2
14436000,2
14439600,2
14443200,2
14446800,2
14450400,2
14454000,2
14457600,2
14461200,2
14464800,2
14468400,2
14472000,2
14475600,2
14479200,2
14482800,2
14486400,2
14490000,5
14493600,5
14497200,5
14500800,5
14504400,5
14508000,2
14511600,2
14515200,2
14518800,2
14522400,2
14526000,2
14529600,2
14533200,2
14536800,2
14540400,2
14544000,2
14547600,2
14551200,2
14554800,2
14558400,2
14562000,2
14565600,2
14569200,2
14572800,2
14576400,5
14580000,5
14583600,5
14587200,5
14590800,5
14594400,2
14598000,2
14601600,2
14605200,2
14608800,2
14612400,2
14616000,2
14619600,2
14623200,2
14626800,2
14630400,2
14634000,2
14637600,2
14641200,2
14644800,2
14648400,2
14652000,2
14655600,2
14659200,2
14662800,5
14666400,5
14670000,5
14673600,5
14677200,5
14680800,2
14684400,2
14688000,2
14691600,2
14695200,2
14698800,2
14702400,2
14706000,2
14709600,2
14713200,2
14716800,2
14720400,2
14724000,2
14727600,2
14731200,2
14734800,2
14738400,2
14742000,2
14745600,2
14749200,5
14752800,5
14756400,5
14760000,5
14763600,5
14767200,2
14770800,2
14774400,2
14778000,2
14781600,2
14785200,2
14788800,2
14792400,2
14796000,2
14799600,2
14803200,2
14806800,2
14810400,2
14814000,2
14817600,2
14821200,2
14824800,2
14828400,2
14832000,2
14835600,5
14839200,5
14842800,5
14846400,5
14850000,5
14853600,2
14857200,2
14860800,2
14864400,2
14868000,2
14871600,2
14875200,2
14878800,2
14882400,2
14886000,2
14889600,2
14893200,2
14896800,2
14900400,2
14904000,2
14907600,2
14911200,2
14914800,2
14918400,2
14922000,5
14925600,5
14929200,5
14932800,5
14936400,5
14940000,2
14943600,2
14947200,2
14950800,2
14954400,2
14958000,2
14961600,2
14965200,2
14968800,2
14972400,2
14976000,2
14979600,2
14983200,2
14986800,2
14990400,2
14994000,2
14997600,2
15001200,2
15004800,2
15008400,5
15012000,5
15015600,5
15019200,5
15022800,5
15026400,2
15030000,2
15033600,2
15037200,2
15040800,2
15044400,2
15048000,2
15051600,2
15055200,2
15058800,2
15062400,2
15066000,2
15069600,2
15073200,2
15076800,2
15080400,2
15084000,2
15087600,2
15091200,2
15094800,5
15098400,5
15102000,5
15105600,5
15109200,5
15112800,2
15116400,2
15120000,2
15123600,2
15127200,2
15130800,2
15134400,2
15138000,2
15141600,2
15145200,2
15148800,2
15152400,2
15156000,2
15159600,2
15163200,2
15166800,2
15170400,2
15174000,2
15177600,2
15181200,5
15184800,5
15188400,5
15192000,5
15195600,5
15199200,2
15202800,2
15206400,2
15210000,2
15213600,2
15217200,2
15220800,2
15224400,2
15228000,2
15231600,2
15235200,2
15238800,2
15242400,2
15246000,2
15249600,2
15253200,2
15256800,2
15260400,2
15264000,2
15267600,5
15271200,5
15274800,5
15278400,5
15282000,5
15285600,2
15289200,2
15292800,2
15296400,2
15300000,2
15303600,2
15307200,2
15310800,2
15314400,2
15318000,2
15321600,2
15325200,2
15328800,2
15332400,2
15336000,2
15339600,2
15343200,2
15346800,2
15350400,2
15354000,5
15357600,5
15361200,5
15364800,5
15368400,5
15372000,2
15375600,2
15379200,2
15382800,2
15386400,2
15390000,2
15393600,2
15397200,2
15400800,2
15404400,2
15408000,2
15411600,2
15415200,2
15418800,2
15422400,2
15426000,2
15429600,2
15433200,2
15436800,2
15440400,5
15444000,5
15447600,5
15451200,5
15454800,5
15458400,2
15462000,2
15465600,2
15469200,2
15472800,2
15476400,2
15480000,2
15483600,2
15487200,2
15490800,2
15494400,2
15498000,2
15501600,2
15505200,2
15508800,2
15512400,2
15516000,2
15519600,2
15523200,2
15526800,5
15530400,5
15534000,5
15537600,5
15541200,5
15544800,2
15548400,2
15552000,2
15555600,2
15559200,2
15562800,2
15566400,2
15570000,2
15573600,2
15577200,2
15580800,2
15584400,2
15588000,2
15591600,2
15595200,2
15598800,2
15602400,2
15606000,2
15609600,2
15613200,5
15616800,5
15620400,5
15624000,5
15627600,5
15631200,2
15634800,2
15638400,2
15642000,2
15645600,2
15649200,2
15652800,2
15656400,2
15660000,2
15663600,2
15667200,2
15670800,2
15674400,2
15678000,2
15681600,2
15685200,2
15688800,2
15692400,2
15696000,2
15699600,5
15703200,5
15706800,5
15710400,5
15714000,5
15717600,2
15721200,2
15724800,2
15728400,2
15732000,2
15735600,2
15739200,2
15742800,2
15746400,2
15750000,2
15753600,2
15757200,2
15760800,2
15764400,2
15768000,2
15771600,2
15775200,2
15778800,2
15782400,2
15786000,5
15789600,5
15793200,5
15796800,5
15800400,5
15804000,2
15807600,2
15811200,2
15814800,2
15818400,2
15822000,2
15825600,2
15829200,2
15832800,2
15836400,2
15840000,2
15843600,2
15847200,2
15850800,2
15854400,2
15858000,2
15861600,2
15865200,2
15868800,2
15872400,5
15876000,5
15879600,5
15883200,5
15886800,5
15890400,2
15894000,2
15897600,2
15901200,2
15904800,2
15908400,2
15912000,2
15915600,2
15919200,2
15922800,2
15926400,2
15930000,2
15933600,2
15937200,2
15940800,2
15944400,2
15948000,2
15951600,2
15955200,2
15958800,5
15962400,5
15966000,5
15969600,5
15973200,5
15976800,2
15980400,2
15984000,2
15987600,2
15991200,2
15994800,2
15998400,2
16002000,2
16005600,2
16009200,2
16012800,2
16016400,2
16020000,2
16023600,2
16027200,2
16030800,2
16034400,2
16038000,2
16041600,2
16045200,5
16048800,5
16052400,5
16056000,5
16059600,5
16063200,2
16066800,2
16070400,2
16074000,2
16077600,2
16081200,2
16084800,2
16088400,2
16092000,2
16095600,2
16099200,2
16102800,2
16106400,2
16110000,2
16113600,2
16117200,2
16120800,2
16124400,2
16128000,2
16131600,5
16135200,5
16138800,5
16142400,5
16146000,5
16149600,2
16153200,2
16156800,2
16160400,2
16164000,2
16167600,2
16171200,2
16174800,2
16178400,2
16182000,2
16185600,2
16189200,2
16192800,2
16196400,2
16200000,2
16203600,2
16207200,2
16210800,2
16214400,2
16218000,5
16221600,5
16225200,5
16228800,5
16232400,5
16236000,2
16239600,2
16243200,2
16246800,2
16250400,2
16254000,2
16257600,2
16261200,2
16264800,2
16268400,2
16272000,2
16275600,2
16279200,2
16282800,2
16286400,2
16290000,2
16293600,2
16297200,2
16300800,2
16304400,5
16308000,5
16311600,5
16315200,5
16318800,5
16322400,2
16326000,2
16329600,2
16333200,2
16336800,2
16340400,2
16344000,2
16347600,2
16351200,2
16354800,2
16358400,2
16362000,2
16365600,2
16369200,2
16372800,2
16376400,2
16380000,2
16383600,2
16387200,2
16390800,5
16394400,5
16398000,5
16401600,5
16405200,5
16408800,2
16412400,2
16416000,2
16419600,2
16423200,2
16426800,2
16430400,2
16434000,2
16437600,2
16441200,2
16444800,2
16448400,2
16452000,2
16455600,2
16459200,2
16462800,2
16466400,2
16470000,2
16473600,2
16477200,5
16480800,5
16484400,5
16488000,5
16491600,5
16495200,2
16498800,2
16502400,2
16506000,2
16509600,2
16513200,2
16516800,2
16520400,2
16524000,2
16527600,2
16531200,2
16534800,2
16538400,2
16542000,2
16545600,2
16549200,2
16552800,2
16556400,2
16560000,2
16563600,5
16567200,5
16570800,5
16574400,5
16578000,5
16581600,2
16585200,2
16588800,2
16592400,2
16596000,2
16599600,2
16603200,2
16606800,2
16610400,2
16614000,2
16617600,2
16621200,2
16624800,2
16628400,2
16632000,2
16635600,2
16639200,2
16642800,2
16646400,2
16650000,5
16653600,5
16657200,5
16660800,5
16664400,5
16668000,2
16671600,2
16675200,2
16678800,2
16682400,2
16686000,2
16689600,2
16693200,2
16696800,2
16700400,2
16704000,2
16707600,2
16711200,2
16714800,2
16718400,2
16722000,2
16725600,2
16729200,2
16732800,2
16736400,5
16740000,5
16743600,5
16747200,5
16750800,5
16754400,2
16758000,2
16761600,2
16765200,2
16768800,2
16772400,2
16776000,2
16779600,2
16783200,2
16786800,2
16790400,2
16794000,2
16797600,2
16801200,2
16804800,2
16808400,2
16812000,2
16815600,2
16819200,2
16822800,5
16826400,5
16830000,5
16833600,5
16837200,5
16840800,2
16844400,2
16848000,2
16851600,2
16855200,2
16858800,2
16862400,2
16866000,2
16869600,2
16873200,2
16876800,2
16880400,2
16884000,2
16887600,2
16891200,2
16894800,2
16898400,2
16902000,2
16905600,2
16909200,5
16912800,5
16916400,5
16920000,5
16923600,5
16927200,2
16930800,2
16934400,2
16938000,2
16941600,2
16945200,2
16948800,2
16952400,2
16956000,2
16959600,2
16963200,2
16966800,2
16970400,2
16974000,2
16977600,2
16981200,2
16984800,2
16988400,2
16992000,2
16995600,5
16999200,5
17002800,5
17006400,5
17010000,5
17013600,2
17017200,2
17020800,2
17024400,2
17028000,2
17031600,2
17035200,2
17038800,2
17042400,2
17046000,2
17049600,2
17053200,2
17056800,2
17060400,2
17064000,2
17067600,2
17071200,2
17074800,2
17078400,2
17082000,5
17085600,5
17089200,5
17092800,5
17096400,5
17100000,2
17103600,2
17107200,2
17110800,2
17114400,2
17118000,2
17121600,2
17125200,2
17128800,2
17132400,2
17136000,2
17139600,2
17143200,2
17146800,2
17150400,2
17154000,2
17157600,2
17161200,2
17164800,2
17168400,5
17172000,5
17175600,5
17179200,5
17182800,5
17186400,2
17190000,2
17193600,2
17197200,2
17200800,2
17204400,2
17208000,2
17211600,2
17215200,2
17218800,2
17222400,2
17226000,2
17229600,2
17233200,2
17236800,2
17240400,2
17244000,2
17247600,2
17251200,2
17254800,5
17258400,5
17262000,5
17265600,5
17269200,5
17272800,2
17276400,2
17280000,2
17283600,2
17287200,2
17290800,2
17294400,2
17298000,2
17301600,2
17305200,2
17308800,2
17312400,2
17316000,2
17319600,2
17323200,2
17326800,2
17330400,2
17334000,2
17337600,2
17341200,5
17344800,5
17348400,5
17352000,5
17355600,5
17359200,2
17362800,2
17366400,2
17370000,2
17373600,2
17377200,2
17380800,2
17384400,2
17388000,2
17391600,2
17395200,2
17398800,2
17402400,2
17406000,2
17409600,2
17413200,2
17416800,2
17420400,2
17424000,2
17427600,5
17431200,5
17434800,5
17438400,5
17442000,5
17445600,2
17449200,2
17452800,2
17456400,2
17460000,2
17463600,2
17467200,2
17470800,2
17474400,2
17478000,2
17481600,2
17485200,2
17488800,2
17492400,2
17496000,2
17499600,2
17503200,2
17506800,2
17510400,2
17514000,5
17517600,5
17521200,5
17524800,5
17528400,5
17532000,2
17535600,2
17539200,2
17542800,2
17546400,2
17550000,2
17553600,2
17557200,2
17560800,2
17564400,2
17568000,2
17571600,2
17575200,2
17578800,2
17582400,2
17586000,2
17589600,2
17593200,2
17596800,2
17600400,5
17604000,5
17607600,5
17611200,5
17614800,5
17618400,2
17622000,2
17625600,2
17629200,2
17632800,2
17636400,2
17640000,2
17643600,2
17647200,2
17650800,2
17654400,2
17658000,2
17661600,2
17665200,2
17668800,2
17672400,2
17676000,2
17679600,2
17683200,2
17686800,5
17690400,5
17694000,5
17697600,5
17701200,5
17704800,2
17708400,2
17712000,2
17715600,2
17719200,2
17722800,2
17726400,2
17730000,2
17733600,2
17737200,2
17740800,2
17744400,2
17748000,2
17751600,2
17755200,2
17758800,2
17762400,2
17766000,2
17769600,2
17773200,5
17776800,5
17780400,5
17784000,5
17787600,5
17791200,2
17794800,2
17798400,2
17802000,2
17805600,2
17809200,2
17812800,2
17816400,2
17820000,2
17823600,2
17827200,2
17830800,2
17834400,2
17838000,2
17841600,2
17845200,2
17848800,2
17852400,2
17856000,2
17859600,5
17863200,5
17866800,5
17870400,5
17874000,5
17877600,2
17881200,2
17884800,2
17888400,2
17892000,2
17895600,2
17899200,2
17902800,2
17906400,2
17910000,2
17913600,2
17917200,2
17920800,2
17924400,2
17928000,2
17931600,2
17935200,2
17938800,2
17942400,2
17946000,5
17949600,5
17953200,5
17956800,5
17960400,5
17964000,2
17967600,2
17971200,2
17974800,2
17978400,2
17982000,2
17985600,2
17989200,2
17992800,2
17996400,2
18000000,2
18003600,2
18007200,2
18010800,2
18014400,2
18018000,2
18021600,2
18025200,2
18028800,2
18032400,5
18036000,5
18039600,5
18043200,5
18046800,5
18050400,2
18054000,2
18057600,2
18061200,2
18064800,2
18068400,2
18072000,2
18075600,2
18079200,2
18082800,2
18086400,2
18090000,2
18093600,2
18097200,2
18100800,2
18104400,2
18108000,2
18111600,2
18115200,2
18118800,5
18122400,5
18126000,5
18129600,5
18133200,5
18136800,2
18140400,2
18144000,2
18147600,2
18151200,2
18154800,2
18158400,2
18162000,2
18165600,2
18169200,2
18172800,2
18176400,2
18180000,2
18183600,2
18187200,2
18190800,2
18194400,2
18198000,2
18201600,2
18205200,5
18208800,5
18212400,5
18216000,5
18219600,5
18223200,2
18226800,2
18230400,2
18234000,2
18237600,2
18241200,2
18244800,2
18248400,2
18252000,2
18255600,2
18259200,2
18262800,2
18266400,2
18270000,2
18273600,2
18277200,2
18280800,2
18284400,2
18288000,2
18291600,5
18295200,5
18298800,5
18302400,5
18306000,5
18309600,2
18313200,2
18316800,2
18320400,2
18324000,2
18327600,2
18331200,2
18334800,2
18338400,2
18342000,2
18345600,2
18349200,2
18352800,2
18356400,2
18360000,2
18363600,2
18367200,2
18370800,2
18374400,2
18378000,5
18381600,5
18385200,5
18388800,5
18392400,5
18396000,2
18399600,2
18403200,2
18406800,2
18410400,2
18414000,2
18417600,2
18421200,2
18424800,2
18428400,2
18432000,2
18435600,2
18439200,2
18442800,2
18446400,2
18450000,2
18453600,2
18457200,2
18460800,2
18464400,5
18468000,5
18471600,5
18475200,5
18478800,5
18482400,2
18486000,2
18489600,2
18493200,2
18496800,2
18500400,2
18504000,2
18507600,2
18511200,2
18514800,2
18518400,2
18522000,2
18525600,2
18529200,2
18532800,2
18536400,2
18540000,2
18543600,2
18547200,2
18550800,5
18554400,5
18558000,5
18561600,5
18565200,5
18568800,2
18572400,2
18576000,2
18579600,2
18583200,2
18586800,2
18590400,2
18594000,2
18597600,2
18601200,2
18604800,2
18608400,2
18612000,2
18615600,2
18619200,2
18622800,2
18626400,2
18630000,2
18633600,2
18637200,5
18640800,5
18644400,5
18648000,5
18651600,5
18655200,2
18658800,2
18662400,2
18666000,2
18669600,2
18673200,2
18676800,2
18680400,2
18684000,2
18687600,2
18691200,2
18694800,2
18698400,2
18702000,2
18705600,2
18709200,2
18712800,2
18716400,2
18720000,2
18723600,5
18727200,5
18730800,5
18734400,5
18738000,5
18741600,2
18745200,2
18748800,2
18752400,2
18756000,2
18759600,2
18763200,2
18766800,2
18770400,2
18774000,2
18777600,2
18781200,2
18784800,2
18788400,2
18792000,2
18795600,2
18799200,2
18802800,2
18806400,2
18810000,5
18813600,5
18817200,5
18820800,5
18824400,5
18828000,2
18831600,2
18835200,2
18838800,2
18842400,2
18846000,2
18849600,2
18853200,2
18856800,2
18860400,2
18864000,2
18867600,2
18871200,2
18874800,2
18878400,2
18882000,2
18885600,2
18889200,2
18892800,2
18896400,5
18900000,5
18903600,5
18907200,5
18910800,5
18914400,2
18918000,2
18921600,2
18925200,2
18928800,2
18932400,2
18936000,2
18939600,2
18943200,2
18946800,2
18950400,2
18954000,2
18957600,2
18961200,2
18964800,2
18968400,2
18972000,2
18975600,2
18979200,2
18982800,5
18986400,5
18990000,5
18993600,5
18997200,5
19000800,2
19004400,2
19008000,2
19011600,2
19015200,2
19018800,2
19022400,2
19026000,2
19029600,2
19033200,2
19036800,2
19040400,2
19044000,2
19047600,2
19051200,2
19054800,2
19058400,2
19062000,2
19065600,2
19069200,5
19072800,5
19076400,5
19080000,5
19083600,5
19087200,2
19090800,2
19094400,2
19098000,2
19101600,2
19105200,2
19108800,2
19112400,2
19116000,2
19119600,2
19123200,2
19126800,2
19130400,2
19134000,2
19137600,2
19141200,2
19144800,2
19148400,2
19152000,2
19155600,5
19159200,5
19162800,5
19166400,5
19170000,5
19173600,2
19177200,2
19180800,2
19184400,2
19188000,2
19191600,2
19195200,2
19198800,2
19202400,2
19206000,2
19209600,2
19213200,2
19216800,2
19220400,2
19224000,2
19227600,2
19231200,2
19234800,2
19238400,2
19242000,5
19245600,5
19249200,5
19252800,5
19256400,5
19260000,2
19263600,2
19267200,2
19270800,2
19274400,2
19278000,2
19281600,2
19285200,2
19288800,2
19292400,2
19296000,2
19299600,2
19303200,2
19306800,2
19310400,2
19314000,2
19317600,2
19321200,2
19324800,2
19328400,5
19332000,5
19335600,5
19339200,5
19342800,5
19346400,2
19350000,2
19353600,2
19357200,2
19360800,2
19364400,2
19368000,2
19371600,2
19375200,2
19378800,2
19382400,2
19386000,2
19389600,2
19393200,2
19396800,2
19400400,2
19404000,2
19407600,2
19411200,2
19414800,5
19418400,5
19422000,5
19425600,5
19429200,5
19432800,2
19436400,2
19440000,2
19443600,2
19447200,2
19450800,2
19454400,2
19458000,2
19461600,2
19465200,2
19468800,2
19472400,2
19476000,2
19479600,2
19483200,2
19486800,2
19490400,2
19494000,2
19497600,2
19501200,5
19504800,5
19508400,5
19512000,5
19515600,5
19519200,2
19522800,2
19526400,2
19530000,2
19533600,2
19537200,2
19540800,2
19544400,2
19548000,2
19551600,2
19555200,2
19558800,2
19562400,2
19566000,2
19569600,2
19573200,2
19576800,2
19580400,2
19584000,2
19587600,5
19591200,5
19594800,5
19598400,5
19602000,5
19605600,2
19609200,2
19612800,2
19616400,2
19620000,2
19623600,2
19627200,2
19630800,2
19634400,2
19638000,2
19641600,2
19645200,2
19648800,2
19652400,2
19656000,2
19659600,2
19663200,2
19666800,2
19670400,2
19674000,5
19677600,5
19681200,5
19684800,5
19688400,5
19692000,2
19695600,2
19699200,2
19702800,2
19706400,2
19710000,2
19713600,2
19717200,2
19720800,2
19724400,2
19728000,2
19731600,2
19735200,2
19738800,2
19742400,2
19746000,2
19749600,2
19753200,2
19756800,2
19760400,5
19764000,5
19767600,5
19771200,5
19774800,5
19778400,2
19782000,2
19785600,2
19789200,2
19792800,2
19796400,2
19800000,2
19803600,2
19807200,2
19810800,2
19814400,2
19818000,2
19821600,2
19825200,2
19828800,2
19832400,2
19836000,2
19839600,2
19843200,2
19846800,5
19850400,5
19854000,5
19857600,5
19861200,5
19864800,2
19868400,2
19872000,2
19875600,2
19879200,2
19882800,2
19886400,2
19890000,2
19893600,2
19897200,2
19900800,2
19904400,2
19908000,2
19911600,2
19915200,2
19918800,2
19922400,2
19926000,2
19929600,2
19933200,5
19936800,5
19940400,5
19944000,5
19947600,5
19951200,2
19954800,2
19958400,2
19962000,2
19965600,2
19969200,2
19972800,2
19976400,2
19980000,2
19983600,2
19987200,2
19990800,2
19994400,2
19998000,2
20001600,2
20005200,2
20008800,2
20012400,2
20016000,2
20019600,5
20023200,5
20026800,5
20030400,5
20034000,5
20037600,2
20041200,2
20044800,2
20048400,2
20052000,2
20055600,2
20059200,2
20062800,2
20066400,2
20070000,2
20073600,2
20077200,2
20080800,2
20084400,2
20088000,2
20091600,2
20095200,2
20098800,2
20102400,2
20106000,5
20109600,5
20113200,5
20116800,5
20120400,5
20124000,2
20127600,2
20131200,2
20134800,2
20138400,2
20142000,2
20145600,2
20149200,2
20152800,2
20156400,2
20160000,2
20163600,2
20167200,2
20170800,2
20174400,2
20178000,2
20181600,2
20185200,2
20188800,2
20192400,5
20196000,5
20199600,5
20203200,5
20206800,5
20210400,2
20214000,2
20217600,2
20221200,2
20224800,2
20228400,2
20232000,2
20235600,2
20239200,2
20242800,2
20246400,2
20250000,2
20253600,2
20257200,2
20260800,2
20264400,2
20268000,2
20271600,2
20275200,2
20278800,5
20282400,5
20286000,5
20289600,5
20293200,5
20296800,2
20300400,2
20304000,2
20307600,2
20311200,2
20314800,2
20318400,2
20322000,2
20325600,2
20329200,2
20332800,2
20336400,2
20340000,2
20343600,2
20347200,2
20350800,2
20354400,2
20358000,2
20361600,2
20365200,5
20368800,5
20372400,5
20376000,5
20379600,5
20383200,2
20386800,2
20390400,2
20394000,2
20397600,2
20401200,2
20404800,2
20408400,2
20412000,2
20415600,2
20419200,2
20422800,2
20426400,2
20430000,2
20433600,2
20437200,2
20440800,2
20444400,2
20448000,2
20451600,5
20455200,5
20458800,5
20462400,5
20466000,5
20469600,2
20473200,2
20476800,2
20480400,2
20484000,2
20487600,2
20491200,2
20494800,2
20498400,2
20502000,2
20505600,2
20509200,2
20512800,2
20516400,2
20520000,2
20523600,2
20527200,2
20530800,2
20534400,2
20538000,5
20541600,5
20545200,5
20548800,5
20552400,5
20556000,2
20559600,2
20563200,2
20566800,2
20570400,2
20574000,2
20577600,2
20581200,2
20584800,2
20588400,2
20592000,2
20595600,2
20599200,2
20602800,2
20606400,2
20610000,2
20613600,2
20617200,2
20620800,2
20624400,5
20628000,5
20631600,5
20635200,5
20638800,5
20642400,2
20646000,2
20649600,2
20653200,2
20656800,2
20660400,2
20664000,2
20667600,2
20671200,2
20674800,2
20678400,2
20682000,2
20685600,2
20689200,2
20692800,2
20696400,2
20700000,2
20703600,2
20707200,2
20710800,5
20714400,5
20718000,5
20721600,5
20725200,5
20728800,2
20732400,2
20736000,2
20739600,2
20743200,2
20746800,2
20750400,2
20754000,2
20757600,2
20761200,2
20764800,2
20768400,2
20772000,2
20775600,2
20779200,2
20782800,2
20786400,2
20790000,2
20793600,2
20797200,5
20800800,5
20804400,5
20808000,5
20811600,5
20815200,2
20818800,2
20822400,2
20826000,2
20829600,2
20833200,2
20836800,2
20840400,2
20844000,2
20847600,2
20851200,2
20854800,2
20858400,2
20862000,2
20865600,2
20869200,2
20872800,2
20876400,2
20880000,2
20883600,5
20887200,5
20890800,5
20894400,5
20898000,5
20901600,2
20905200,2
20908800,2
20912400,2
20916000,2
20919600,2
20923200,2
20926800,2
20930400,2
20934000,2
20937600,2
20941200,2
20944800,2
20948400,2
20952000,2
20955600,2
20959200,2
20962800,2
20966400,2
20970000,5
20973600,5
20977200,5
20980800,5
20984400,5
20988000,2
20991600,2
20995200,2
20998800,2
21002400,2
21006000,2
21009600,2
21013200,2
21016800,2
21020400,2
21024000,2
21027600,2
21031200,2
21034800,2
21038400,2
21042000,2
21045600,2
21049200,2
21052800,2
21056400,5
21060000,5
21063600,5
21067200,5
21070800,5
21074400,2
21078000,2
21081600,2
21085200,2
21088800,2
21092400,2
21096000,2
21099600,2
21103200,2
21106800,2
21110400,2
21114000,2
21117600,2
21121200,2
21124800,2
21128400,2
21132000,2
21135600,2
21139200,2
21142800,5
21146400,5
21150000,5
21153600,5
21157200,5
21160800,2
21164400,2
21168000,2
21171600,2
21175200,2
21178800,2
21182400,2
21186000,2
21189600,2
21193200,2
21196800,2
21200400,2
21204000,2
21207600,2
21211200,2
21214800,2
21218400,2
21222000,2
21225600,2
21229200,5
21232800,5
21236400,5
21240000,5
21243600,5
21247200,2
21250800,2
21254400,2
21258000,2
21261600,2
21265200,2
21268800,2
21272400,2
21276000,2
21279600,2
21283200,2
21286800,2
21290400,2
21294000,2
21297600,2
21301200,2
21304800,2
21308400,2
21312000,2
21315600,5
21319200,5
21322800,5
21326400,5
21330000,5
21333600,2
21337200,2
21340800,2
21344400,2
21348000,2
21351600,2
21355200,2
21358800,2
21362400,2
21366000,2
21369600,2
21373200,2
21376800,2
21380400,2
21384000,2
21387600,2
21391200,2
21394800,2
21398400,2
21402000,5
21405600,5
21409200,5
21412800,5
21416400,5
21420000,2
21423600,2
21427200,2
21430800,2
21434400,2
21438000,2
21441600,2
21445200,2
21448800,2
21452400,2
21456000,2
21459600,2
21463200,2
21466800,2
21470400,2
21474000,2
21477600,2
21481200,2
21484800,2
21488400,5
21492000,5
21495600,5
21499200,5
21502800,5
21506400,2
21510000,2
21513600,2
21517200,2
21520800,2
21524400,2
21528000,2
21531600,2
21535200,2
21538800,2
21542400,2
21546000,2
21549600,2
21553200,2
21556800,2
21560400,2
21564000,2
21567600,2
21571200,2
21574800,5
21578400,5
21582000,5
21585600,5
21589200,5
21592800,2
21596400,2
21600000,2
21603600,2
21607200,2
21610800,2
21614400,2
21618000,2
21621600,2
21625200,2
21628800,2
21632400,2
21636000,2
21639600,2
21643200,2
21646800,2
21650400,2
21654000,2
21657600,2
21661200,5
21664800,5
21668400,5
21672000,5
21675600,5
21679200,2
21682800,2
21686400,2
21690000,2
21693600,2
21697200,2
21700800,2
21704400,2
21708000,2
21711600,2
21715200,2
21718800,2
21722400,2
21726000,2
21729600,2
21733200,2
21736800,2
21740400,2
21744000,2
21747600,5
21751200,5
21754800,5
21758400,5
21762000,5
21765600,2
21769200,2
21772800,2
21776400,2
21780000,2
21783600,2
21787200,2
21790800,2
21794400,2
21798000,2
21801600,2
21805200,2
21808800,2
21812400,2
21816000,2
21819600,2
21823200,2
21826800,2
21830400,2
21834000,5
21837600,5
21841200,5
21844800,5
21848400,5
21852000,2
21855600,2
21859200,2
21862800,2
21866400,2
21870000,2
21873600,2
21877200,2
21880800,2
21884400,2
21888000,2
21891600,2
21895200,2
21898800,2
21902400,2
21906000,2
21909600,2
21913200,2
21916800,2
21920400,5
21924000,5
21927600,5
21931200,5
21934800,5
21938400,2
21942000,2
21945600,2
21949200,2
21952800,2
21956400,2
21960000,2
21963600,2
21967200,2
21970800,2
21974400,2
21978000,2
21981600,2
21985200,2
21988800,2
21992400,2
21996000,2
21999600,2
22003200,2
22006800,5
22010400,5
22014000,5
22017600,5
22021200,5
22024800,2
22028400,2
22032000,2
22035600,2
22039200,2
22042800,2
22046400,2
22050000,2
22053600,2
22057200,2
22060800,2
22064400,2
22068000,2
22071600,2
22075200,2
22078800,2
22082400,2
22086000,2
22089600,2
22093200,5
22096800,5
22100400,5
22104000,5
22107600,5
22111200,2
22114800,2
22118400,2
22122000,2
22125600,2
22129200,2
22132800,2
22136400,2
22140000,2
22143600,2
22147200,2
22150800,2
22154400,2
22158000,2
22161600,2
22165200,2
22168800,2
22172400,2
22176000,2
22179600,5
22183200,5
22186800,5
22190400,5
22194000,5
22197600,2
22201200,2
22204800,2
22208400,2
22212000,2
22215600,2
22219200,2
22222800,2
22226400,2
22230000,2
22233600,2
22237200,2
22240800,2
22244400,2
22248000,2
22251600,2
22255200,2
22258800,2
22262400,2
22266000,5
22269600,5
22273200,5
22276800,5
22280400,5
22284000,2
22287600,2
22291200,2
22294800,2
22298400,2
22302000,2
22305600,2
22309200,2
22312800,2
22316400,2
22320000,2
22323600,2
22327200,2
22330800,2
22334400,2
22338000,2
22341600,2
22345200,2
22348800,2
22352400,5
22356000,5
22359600,5
22363200,5
22366800,5
22370400,2
22374000,2
22377600,2
22381200,2
22384800,2
22388400,2
22392000,2
22395600,2
22399200,2
22402800,2
22406400,2
22410000,2
22413600,2
22417200,2
22420800,2
22424400,2
22428000,2
22431600,2
22435200,2
22438800,5
22442400,5
22446000,5
22449600,5
22453200,5
22456800,2
22460400,2
22464000,2
22467600,2
22471200,2
22474800,2
22478400,2
22482000,2
22485600,2
22489200,2
22492800,2
22496400,2
22500000,2
22503600,2
22507200,2
22510800,2
22514400,2
22518000,2
22521600,2
22525200,5
22528800,5
22532400,5
22536000,5
22539600,5
22543200,2
22546800,2
22550400,2
22554000,2
22557600,2
22561200,2
22564800,2
22568400,2
22572000,2
22575600,2
22579200,2
22582800,2
22586400,2
22590000,2
22593600,2
22597200,2
22600800,2
22604400,2
22608000,2
22611600,5
22615200,5
22618800,5
22622400,5
22626000,5
22629600,2
22633200,2
22636800,2
22640400,2
22644000,2
22647600,2
22651200,2
22654800,2
22658400,2
22662000,2
22665600,2
22669200,2
22672800,2
22676400,2
22680000,2
22683600,2
22687200,2
22690800,2
22694400,2
22698000,5
22701600,5
22705200,5
22708800,5
22712400,5
22716000,2
22719600,2
22723200,2
22726800,2
22730400,2
22734000,2
22737600,2
22741200,2
22744800,2
22748400,2
22752000,2
22755600,2
22759200,2
22762800,2
22766400,2
22770000,2
22773600,2
22777200,2
22780800,2
22784400,5
22788000,5
22791600,5
22795200,5
22798800,5
22802400,2
22806000,2
22809600,2
22813200,2
22816800,2
22820400,2
22824000,2
22827600,2
22831200,2
22834800,2
22838400,2
22842000,2
22845600,2
22849200,2
22852800,2
22856400,2
22860000,2
22863600,2
22867200,2
22870800,5
22874400,5
22878000,5
22881600,5
22885200,5
22888800,2
22892400,2
22896000,2
22899600,2
22903200,2
22906800,2
22910400,2
22914000,2
22917600,2
22921200,2
22924800,2
22928400,2
22932000,2
22935600,2
22939200,2
22942800,2
22946400,2
22950000,2
22953600,2
22957200,5
22960800,5
22964400,5
22968000,5
22971600,5
22975200,2
22978800,2
22982400,2
22986000,2
22989600,2
22993200,2
22996800,2
23000400,2
23004000,2
23007600,2
23011200,2
23014800,2
23018400,2
23022000,2
23025600,2
23029200,2
23032800,2
23036400,2
23040000,2
23043600,5
23047200,5
23050800,5
23054400,5
23058000,5
23061600,2
23065200,2
23068800,2
23072400,2
23076000,2
23079600,2
23083200,2
23086800,2
23090400,2
23094000,2
23097600,2
23101200,2
23104800,2
23108400,2
23112000,2
23115600,2
23119200,2
23122800,2
23126400,2
23130000,5
23133600,5
23137200,5
23140800,5
23144400,5
23148000,2
23151600,2
23155200,2
23158800,2
23162400,2
23166000,2
23169600,2
23173200,2
23176800,2
23180400,2
23184000,2
23187600,2
23191200,2
23194800,2
23198400,2
23202000,2
23205600,2
23209200,2
23212800,2
23216400,5
23220000,5
23223600,5
23227200,5
23230800,5
23234400,2
23238000,2
23241600,2
23245200,2
23248800,2
23252400,2
23256000,2
23259600,2
23263200,2
23266800,2
23270400,2
23274000,2
23277600,2
23281200,2
23284800,2
23288400,2
23292000,2
23295600,2
23299200,2
23302800,5
23306400,5
23310000,5
23313600,5
23317200,5
23320800,2
23324400,2
23328000,2
23331600,2
23335200,2
23338800,2
23342400,2
23346000,2
23349600,2
23353200,2
23356800,2
23360400,2
23364000,2
23367600,2
23371200,2
23374800,2
23378400,2
23382000,2
23385600,2
23389200,5
23392800,5
23396400,5
23400000,5
23403600,5
23407200,2
23410800,2
23414400,2
23418000,2
23421600,2
23425200,2
23428800,2
23432400,2
23436000,2
23439600,2
23443200,2
23446800,2
23450400,2
23454000,2
23457600,2
23461200,2
23464800,2
23468400,2
23472000,2
23475600,5
23479200,5
23482800,5
23486400,5
23490000,5
23493600,2
23497200,2
23500800,2
23504400,2
23508000,2
23511600,2
23515200,2
23518800,2
23522400,2
23526000,2
23529600,2
23533200,2
23536800,2
23540400,2
23544000,2
23547600,2
23551200,2
23554800,2
23558400,2
23562000,5
23565600,5
23569200,5
23572800,5
23576400,5
23580000,2
23583600,2
23587200,2
23590800,2
23594400,2
23598000,2
23601600,2
23605200,2
23608800,2
23612400,2
23616000,2
23619600,2
23623200,2
23626800,2
23630400,2
23634000,2
23637600,2
23641200,2
23644800,2
23648400,5
23652000,5
23655600,5
23659200,5
23662800,5
23666400,2
23670000,2
23673600,2
23677200,2
23680800,2
23684400,2
23688000,2
23691600,2
23695200,2
23698800,2
23702400,2
23706000,2
23709600,2
23713200,2
23716800,2
23720400,2
23724000,2
23727600,2
23731200,2
23734800,5
23738400,5
23742000,5
23745600,5
23749200,5
23752800,2
23756400,2
23760000,2
23763600,2
23767200,2
23770800,2
23774400,2
23778000,2
23781600,2
23785200,2
23788800,2
23792400,2
23796000,2
23799600,2
23803200,2
23806800,2
23810400,2
23814000,2
23817600,2
23821200,5
23824800,5
23828400,5
23832000,5
23835600,5
23839200,2
23842800,2
23846400,2
23850000,2
23853600,2
23857200,2
23860800,2
23864400,2
23868000,2
23871600,2
23875200,2
23878800,2
23882400,2
23886000,2
23889600,2
23893200,2
23896800,2
23900400,2
23904000,2
23907600,5
23911200,5
23914800,5
23918400,5
23922000,5
23925600,2
23929200,2
23932800,2
23936400,2
23940000,2
23943600,2
23947200,2
23950800,2
23954400,2
23958000,2
23961600,2
23965200,2
23968800,2
23972400,2
23976000,2
23979600,2
23983200,2
23986800,2
23990400,2
23994000,5
23997600,5
24001200,5
24004800,5
24008400,5
24012000,2
24015600,2
24019200,2
24022800,2
24026400,2
24030000,2
24033600,2
24037200,2
24040800,2
24044400,2
24048000,2
24051600,2
24055200,2
24058800,2
24062400,2
24066000,2
24069600,2
24073200,2
24076800,2
24080400,5
24084000,5
24087600,5
24091200,5
24094800,5
24098400,2
24102000,2
24105600,2
24109200,2
24112800,2
24116400,2
24120000,2
24123600,2
24127200,2
24130800,2
24134400,2
24138000,2
24141600,2
24145200,2
24148800,2
24152400,2
24156000,2
24159600,2
24163200,2
24166800,5
24170400,5
24174000,5
24177600,5
24181200,5
24184800,2
24188400,2
24192000,2
24195600,2
24199200,2
24202800,2
24206400,2
24210000,2
24213600,2
24217200,2
24220800,2
24224400,2
24228000,2
24231600,2
24235200,2
24238800,2
24242400,2
24246000,2
24249600,2
24253200,5
24256800,5
24260400,5
24264000,5
24267600,5
24271200,2
24274800,2
24278400,2
24282000,2
24285600,2
24289200,2
24292800,2
24296400,2
24300000,2
24303600,2
24307200,2
24310800,2
24314400,2
24318000,2
24321600,2
24325200,2
24328800,2
24332400,2
24336000,2
24339600,5
24343200,5
24346800,5
24350400,5
24354000,5
24357600,2
24361200,2
24364800,2
24368400,2
24372000,2
24375600,2
24379200,2
24382800,2
24386400,2
24390000,2
24393600,2
24397200,2
24400800,2
24404400,2
24408000,2
24411600,2
24415200,2
24418800,2
24422400,2
24426000,5
24429600,5
24433200,5
24436800,5
24440400,5
24444000,2
24447600,2
24451200,2
24454800,2
24458400,2
24462000,2
24465600,2
24469200,2
24472800,2
24476400,2
24480000,2
24483600,2
24487200,2
24490800,2
24494400,2
24498000,2
24501600,2
24505200,2
24508800,2
24512400,5
24516000,5
24519600,5
24523200,5
24526800,5
24530400,2
24534000,2
24537600,2
24541200,2
24544800,2
24548400,2
24552000,2
24555600,2
24559200,2
24562800,2
24566400,2
24570000,2
24573600,2
24577200,2
24580800,2
24584400,2
24588000,2
24591600,2
24595200,2
24598800,5
24602400,5
24606000,5
24609600,5
24613200,5
24616800,2
24620400,2
24624000,2
24627600,2
24631200,2
24634800,2
24638400,2
24642000,2
24645600,2
24649200,2
24652800,2
24656400,2
24660000,2
24663600,2
24667200,2
24670800,2
24674400,2
24678000,2
24681600,2
24685200,5
24688800,5
24692400,5
24696000,5
24699600,5
24703200,2
24706800,2
24710400,2
24714000,2
24717600,2
24721200,2
24724800,2
24728400,2
24732000,2
24735600,2
24739200,2
24742800,2
24746400,2
24750000,2
24753600,2
24757200,2
24760800,2
24764400,2
24768000,2
24771600,5
24775200,5
24778800,5
24782400,5
24786000,5
24789600,2
24793200,2
24796800,2
24800400,2
24804000,2
24807600,2
24811200,2
24814800,2
24818400,2
24822000,2
24825600,2
24829200,2
24832800,2
24836400,2
24840000,2
24843600,2
24847200,2
24850800,2
24854400,2
24858000,5
24861600,5
24865200,5
24868800,5
24872400,5
24876000,2
24879600,2
24883200,2
24886800,2
24890400,2
24894000,2
24897600,2
24901200,2
24904800,2
24908400,2
24912000,2
24915600,2
24919200,2
24922800,2
24926400,2
24930000,2
24933600,2
24937200,2
24940800,2
24944400,5
24948000,5
24951600,5
24955200,5
24958800,5
24962400,2
24966000,2
24969600,2
24973200,2
24976800,2
24980400,2
24984000,2
24987600,2
24991200,2
24994800,2
24998400,2
25002000,2
25005600,2
25009200,2
25012800,2
25016400,2
25020000,2
25023600,2
25027200,2
25030800,5
25034400,5
25038000,5
25041600,5
25045200,5
25048800,2
25052400,2
25056000,2
25059600,2
25063200,2
25066800,2
25070400,2
25074000,2
25077600,2
25081200,2
25084800,2
25088400,2
25092000,2
25095600,2
25099200,2
25102800,2
25106400,2
25110000,2
25113600,2
25117200,5
25120800,5
25124400,5
25128000,5
25131600,5
25135200,2
25138800,2
25142400,2
25146000,2
25149600,2
25153200,2
25156800,2
25160400,2
25164000,2
25167600,2
25171200,2
25174800,2
25178400,2
25182000,2
25185600,2
25189200,2
25192800,2
25196400,2
25200000,2
25203600,5
25207200,5
25210800,5
25214400,5
25218000,5
25221600,2
25225200,2
25228800,2
25232400,2
25236000,2
25239600,2
25243200,2
25246800,2
25250400,2
25254000,2
25257600,2
25261200,2
25264800,2
25268400,2
25272000,2
25275600,2
25279200,2
25282800,2
25286400,2
25290000,5
25293600,5
25297200,5
25300800,5
25304400,5
25308000,2
25311600,2
25315200,2
25318800,2
25322400,2
25326000,2
25329600,2
25333200,2
25336800,2
25340400,2
25344000,2
25347600,2
25351200,2
25354800,2
25358400,2
25362000,2
25365600,2
25369200,2
25372800,2
25376400,5
25380000,5
25383600,5
25387200,5
25390800,5
25394400,2
25398000,2
25401600,2
25405200,2
25408800,2
25412400,2
25416000,2
25419600,2
25423200,2
25426800,2
25430400,2
25434000,2
25437600,2
25441200,2
25444800,2
25448400,2
25452000,2
25455600,2
25459200,2
25462800,5
25466400,5
25470000,5
25473600,5
25477200,5
25480800,2
25484400,2
25488000,2
25491600,2
25495200,2
25498800,2
25502400,2
25506000,2
25509600,2
25513200,2
25516800,2
25520400,2
25524000,2
25527600,2
25531200,2
25534800,2
25538400,2
25542000,2
25545600,2
25549200,5
25552800,5
25556400,5
25560000,5
25563600,5
25567200,2
25570800,2
25574400,2
25578000,2
25581600,2
25585200,2
25588800,2
25592400,2
25596000,2
25599600,2
25603200,2
25606800,2
25610400,2
25614000,2
25617600,2
25621200,2
25624800,2
25628400,2
25632000,2
25635600,5
25639200,5
25642800,5
25646400,5
25650000,5
25653600,2
25657200,2
25660800,2
25664400,2
25668000,2
25671600,2
25675200,2
25678800,2
25682400,2
25686000,2
25689600,2
25693200,2
25696800,2
25700400,2
25704000,2
25707600,2
25711200,2
25714800,2
25718400,2
25722000,5
25725600,5
25729200,5
25732800,5
25736400,5
25740000,2
25743600,2
25747200,2
25750800,2
25754400,2
25758000,2
25761600,2
25765200,2
25768800,2
25772400,2
25776000,2
25779600,2
25783200,2
25786800,2
25790400,2
25794000,2
25797600,2
25801200,2
25804800,2
25808400,5
25812000,5
25815600,5
25819200,5
25822800,5
25826400,2
25830000,2
25833600,2
25837200,2
25840800,2
25844400,2
25848000,2
25851600,2
25855200,2
25858800,2
25862400,2
25866000,2
25869600,2
25873200,2
25876800,2
25880400,2
25884000,2
25887600,2
25891200,2
25894800,5
25898400,5
25902000,5
25905600,5
25909200,5
25912800,2
25916400,2
25920000,2
25923600,2
25927200,2
25930800,2
25934400,2
25938000,2
25941600,2
25945200,2
25948800,2
25952400,2
25956000,2
25959600,2
25963200,2
25966800,2
25970400,2
25974000,2
25977600,2
25981200,5
25984800,5
25988400,5
25992000,5
25995600,5
25999200,2
26002800,2
26006400,2
26010000,2
26013600,2
26017200,2
26020800,2
26024400,2
26028000,2
26031600,2
26035200,2
26038800,2
26042400,2
26046000,2
26049600,2
26053200,2
26056800,2
26060400,2
26064000,2
26067600,5
26071200,5
26074800,5
26078400,5
26082000,5
26085600,2
26089200,2
26092800,2
26096400,2
26100000,2
26103600,2
26107200,2
26110800,2
26114400,2
26118000,2
26121600,2
26125200,2
26128800,2
26132400,2
26136000,2
26139600,2
26143200,2
26146800,2
26150400,2
26154000,5
26157600,5
26161200,5
26164800,5
26168400,5
26172000,2
26175600,2
26179200,2
26182800,2
26186400,2
26190000,2
26193600,2
26197200,2
26200800,2
26204400,2
26208000,2
26211600,2
26215200,2
26218800,2
26222400,2
26226000,2
26229600,2
26233200,2
26236800,2
26240400,5
26244000,5
26247600,5
26251200,5
26254800,5
26258400,2
26262000,2
26265600,2
26269200,2
26272800,2
26276400,2
26280000,2
26283600,2
26287200,2
26290800,2
26294400,2
26298000,2
26301600,2
26305200,2
26308800,2
26312400,2
26316000,2
26319600,2
26323200,2
26326800,5
26330400,5
26334000,5
26337600,5
26341200,5
26344800,2
26348400,2
26352000,2
26355600,2
26359200,2
26362800,2
26366400,2
26370000,2
26373600,2
26377200,2
26380800,2
26384400,2
26388000,2
26391600,2
26395200,2
26398800,2
26402400,2
26406000,2
26409600,2
26413200,5
26416800,5
26420400,5
26424000,5
26427600,5
26431200,2
26434800,2
26438400,2
26442000,2
26445600,2
26449200,2
26452800,2
26456400,2
26460000,2
26463600,2
26467200,2
26470800,2
26474400,2
26478000,2
26481600,2
26485200,2
26488800,2
26492400,2
26496000,2
26499600,5
26503200,5
26506800,5
26510400,5
26514000,5
26517600,2
26521200,2
26524800,2
26528400,2
26532000,2
26535600,2
26539200,2
26542800,2
26546400,2
26550000,2
26553600,2
26557200,2
26560800,2
26564400,2
26568000,2
26571600,2
26575200,2
26578800,2
26582400,2
26586000,5
26589600,5
26593200,5
26596800,5
26600400,5
26604000,2
26607600,2
26611200,2
26614800,2
26618400,2
26622000,2
26625600,2
26629200,2
26632800,2
26636400,2
26640000,2
26643600,2
26647200,2
26650800,2
26654400,2
26658000,2
26661600,2
26665200,2
26668800,2
26672400,5
26676000,5
26679600,5
26683200,5
26686800,5
26690400,2
26694000,2
26697600,2
26701200,2
26704800,2
26708400,2
26712000,2
26715600,2
26719200,2
26722800,2
26726400,2
26730000,2
26733600,2
26737200,2
26740800,2
26744400,2
26748000,2
26751600,2
26755200,2
26758800,5
26762400,5
26766000,5
26769600,5
26773200,5
26776800,2
26780400,2
26784000,2
26787600,2
26791200,2
26794800,2
26798400,2
26802000,2
26805600,2
26809200,2
26812800,2
26816400,2
26820000,2
26823600,2
26827200,2
26830800,2
26834400,2
26838000,2
26841600,2
26845200,5
26848800,5
26852400,5
26856000,5
26859600,5
26863200,2
26866800,2
26870400,2
26874000,2
26877600,2
26881200,2
26884800,2
26888400,2
26892000,2
26895600,2
26899200,2
26902800,2
26906400,2
26910000,2
26913600,2
26917200,2
26920800,2
26924400,2
26928000,2
26931600,5
26935200,5
26938800,5
26942400,5
26946000,5
26949600,2
26953200,2
26956800,2
26960400,2
26964000,2
26967600,2
26971200,2
26974800,2
26978400,2
26982000,2
26985600,2
26989200,2
26992800,2
26996400,2
27000000,2
27003600,2
27007200,2
27010800,2
27014400,2
27018000,5
27021600,5
27025200,5
27028800,5
27032400,5
27036000,2
27039600,2
27043200,2
27046800,2
27050400,2
27054000,2
27057600,2
27061200,2
27064800,2
27068400,2
27072000,2
27075600,2
27079200,2
27082800,2
27086400,2
27090000,2
27093600,2
27097200,2
27100800,2
27104400,5
27108000,5
27111600,5
27115200,5
27118800,5
27122400,2
27126000,2
27129600,2
27133200,2
27136800,2
27140400,2
27144000,2
27147600,2
27151200,2
27154800,2
27158400,2
27162000,2
27165600,2
27169200,2
27172800,2
27176400,2
27180000,2
27183600,2
27187200,2
27190800,5
27194400,5
27198000,5
27201600,5
27205200,5
27208800,2
27212400,2
27216000,2
27219600,2
27223200,2
27226800,2
27230400,2
27234000,2
27237600,2
27241200,2
27244800,2
27248400,2
27252000,2
27255600,2
27259200,2
27262800,2
27266400,2
27270000,2
27273600,2
27277200,5
27280800,5
27284400,5
27288000,5
27291600,5
27295200,2
27298800,2
27302400,2
27306000,2
27309600,2
27313200,2
27316800,2
27320400,2
27324000,2
27327600,2
27331200,2
27334800,2
27338400,2
27342000,2
27345600,2
27349200,2
27352800,2
27356400,2
27360000,2
27363600,5
27367200,5
27370800,5
27374400,5
27378000,5
27381600,2
27385200,2
27388800,2
27392400,2
27396000,2
27399600,2
27403200,2
27406800,2
27410400,2
27414000,2
27417600,2
27421200,2
27424800,2
27428400,2
27432000,2
27435600,2
27439200,2
27442800,2
27446400,2
27450000,5
27453600,5
27457200,5
27460800,5
27464400,5
27468000,2
27471600,2
27475200,2
27478800,2
27482400,2
27486000,2
27489600,2
27493200,2
27496800,2
27500400,2
27504000,2
27507600,2
27511200,2
27514800,2
27518400,2
27522000,2
27525600,2
27529200,2
27532800,2
27536400,5
27540000,5
27543600,5
27547200,5
27550800,5
27554400,2
27558000,2
27561600,2
27565200,2
27568800,2
27572400,2
27576000,2
27579600,2
27583200,2
27586800,2
27590400,2
27594000,2
27597600,2
27601200,2
27604800,2
27608400,2
27612000,2
27615600,2
27619200,2
27622800,5
27626400,5
27630000,5
27633600,5
27637200,5
27640800,2
27644400,2
27648000,2
27651600,2
27655200,2
27658800,2
27662400,2
27666000,2
27669600,2
27673200,2
27676800,2
27680400,2
27684000,2
27687600,2
27691200,2
27694800,2
27698400,2
27702000,2
27705600,2
27709200,5
27712800,5
27716400,5
27720000,5
27723600,5
27727200,2
27730800,2
27734400,2
27738000,2
27741600,2
27745200,2
27748800,2
27752400,2
27756000,2
27759600,2
27763200,2
27766800,2
27770400,2
27774000,2
27777600,2
27781200,2
27784800,2
27788400,2
27792000,2
27795600,5
27799200,5
27802800,5
27806400,5
27810000,5
27813600,2
27817200,2
27820800,2
27824400,2
27828000,2
27831600,2
27835200,2
27838800,2
27842400,2
27846000,2
27849600,2
27853200,2
27856800,2
27860400,2
27864000,2
27867600,2
27871200,2
27874800,2
27878400,2
27882000,5
27885600,5
27889200,5
27892800,5
27896400,5
27900000,2
27903600,2
27907200,2
27910800,2
27914400,2
27918000,2
27921600,2
27925200,2
27928800,2
27932400,2
27936000,2
27939600,2
27943200,2
27946800,2
27950400,2
27954000,2
27957600,2
27961200,2
27964800,2
27968400,5
27972000,5
27975600,5
27979200,5
27982800,5
27986400,2
27990000,2
27993600,2
27997200,2
28000800,2
28004400,2
28008000,2
28011600,2
28015200,2
28018800,2
28022400,2
28026000,2
28029600,2
28033200,2
28036800,2
28040400,2
28044000,2
28047600,2
28051200,2
28054800,5
28058400,5
28062000,5
28065600,5
28069200,5
28072800,2
28076400,2
28080000,2
28083600,2
28087200,2
28090800,2
28094400,2
28098000,2
28101600,2
28105200,2
28108800,2
28112400,2
28116000,2
28119600,2
28123200,2
28126800,2
28130400,2
28134000,2
28137600,2
28141200,5
28144800,5
28148400,5
28152000,5
28155600,5
28159200,2
28162800,2
28166400,2
28170000,2
28173600,2
28177200,2
28180800,2
28184400,2
28188000,2
28191600,2
28195200,2
28198800,2
28202400,2
28206000,2
28209600,2
28213200,2
28216800,2
28220400,2
28224000,2
28227600,5
28231200,5
28234800,5
28238400,5
28242000,5
28245600,2
28249200,2
28252800,2
28256400,2
28260000,2
28263600,2
28267200,2
28270800,2
28274400,2
28278000,2
28281600,2
28285200,2
28288800,2
28292400,2
28296000,2
28299600,2
28303200,2
28306800,2
28310400,2
28314000,5
28317600,5
28321200,5
28324800,5
28328400,5
28332000,2
28335600,2
28339200,2
28342800,2
28346400,2
28350000,2
28353600,2
28357200,2
28360800,2
28364400,2
28368000,2
28371600,2
28375200,2
28378800,2
28382400,2
28386000,2
28389600,2
28393200,2
28396800,2
28400400,5
28404000,5
28407600,5
28411200,5
28414800,5
28418400,2
28422000,2
28425600,2
28429200,2
28432800,2
28436400,2
28440000,2
28443600,2
28447200,2
28450800,2
28454400,2
28458000,2
28461600,2
28465200,2
28468800,2
28472400,2
28476000,2
28479600,2
28483200,2
28486800,5
28490400,5
28494000,5
28497600,5
28501200,5
28504800,2
28508400,2
28512000,2
28515600,2
28519200,2
28522800,2
28526400,2
28530000,2
28533600,2
28537200,2
28540800,2
28544400,2
28548000,2
28551600,2
28555200,2
28558800,2
28562400,2
28566000,2
28569600,2
28573200,5
28576800,5
28580400,5
28584000,5
28587600,5
28591200,2
28594800,2
28598400,2
28602000,2
28605600,2
28609200,2
28612800,2
28616400,2
28620000,2
28623600,2
28627200,2
28630800,2
28634400,2
28638000,2
28641600,2
28645200,2
28648800,2
28652400,2
28656000,2
28659600,5
28663200,5
28666800,5
28670400,5
28674000,5
28677600,2
28681200,2
28684800,2
28688400,2
28692000,2
28695600,2
28699200,2
28702800,2
28706400,2
28710000,2
28713600,2
28717200,2
28720800,2
28724400,2
28728000,2
28731600,2
28735200,2
28738800,2
28742400,2
28746000,5
28749600,5
28753200,5
28756800,5
28760400,5
28764000,2
28767600,2
28771200,2
28774800,2
28778400,2
28782000,2
28785600,2
28789200,2
28792800,2
28796400,2
28800000,2
28803600,2
28807200,2
28810800,2
28814400,2
28818000,2
28821600,2
28825200,2
28828800,2
28832400,5
28836000,5
28839600,5
28843200,5
28846800,5
28850400,2
28854000,2
28857600,2
28861200,2
28864800,2
28868400,2
28872000,2
28875600,2
28879200,2
28882800,2
28886400,2
28890000,2
28893600,2
28897200,2
28900800,2
28904400,2
28908000,2
28911600,2
28915200,2
28918800,5
28922400,5
28926000,5
28929600,5
28933200,5
28936800,2
28940400,2
28944000,2
28947600,2
28951200,2
28954800,2
28958400,2
28962000,2
28965600,2
28969200,2
28972800,2
28976400,2
28980000,2
28983600,2
28987200,2
28990800,2
28994400,2
28998000,2
29001600,2
29005200,5
29008800,5
29012400,5
29016000,5
29019600,5
29023200,2
29026800,2
29030400,2
29034000,2
29037600,2
29041200,2
29044800,2
29048400,2
29052000,2
29055600,2
29059200,2
29062800,2
29066400,2
29070000,2
29073600,2
29077200,2
29080800,2
29084400,2
29088000,2
29091600,5
29095200,5
29098800,5
29102400,5
29106000,5
29109600,2
29113200,2
29116800,2
29120400,2
29124000,2
29127600,2
29131200,2
29134800,2
29138400,2
29142000,2
29145600,2
29149200,2
29152800,2
29156400,2
29160000,2
29163600,2
29167200,2
29170800,2
29174400,2
29178000,5
29181600,5
29185200,5
29188800,5
29192400,5
29196000,2
29199600,2
29203200,2
29206800,2
29210400,2
29214000,2
29217600,2
29221200,2
29224800,2
29228400,2
29232000,2
29235600,2
29239200,2
29242800,2
29246400,2
29250000,2
29253600,2
29257200,2
29260800,2
29264400,5
29268000,5
29271600,5
29275200,5
29278800,5
29282400,2
29286000,2
29289600,2
29293200,2
29296800,2
29300400,2
29304000,2
29307600,2
29311200,2
29314800,2
29318400,2
29322000,2
29325600,2
29329200,2
29332800,2
29336400,2
29340000,2
29343600,2
29347200,2
29350800,5
29354400,5
29358000,5
29361600,5
29365200,5
29368800,2
29372400,2
29376000,2
29379600,2
29383200,2
29386800,2
29390400,2
29394000,2
29397600,2
29401200,2
29404800,2
29408400,2
29412000,2
29415600,2
29419200,2
29422800,2
29426400,2
29430000,2
29433600,2
29437200,5
29440800,5
29444400,5
29448000,5
29451600,5
29455200,2
29458800,2
29462400,2
29466000,2
29469600,2
29473200,2
29476800,2
29480400,2
29484000,2
29487600,2
29491200,2
29494800,2
29498400,2
29502000,2
29505600,2
29509200,2
29512800,2
29516400,2
29520000,2
29523600,5
29527200,5
29530800,5
29534400,5
29538000,5
29541600,2
29545200,2
29548800,2
29552400,2
29556000,2
29559600,2
29563200,2
29566800,2
29570400,2
29574000,2
29577600,2
29581200,2
29584800,2
29588400,2
29592000,2
29595600,2
29599200,2
29602800,2
29606400,2
29610000,5
29613600,5
29617200,5
29620800,5
29624400,5
29628000,2
29631600,2
29635200,2
29638800,2
29642400,2
29646000,2
29649600,2
29653200,2
29656800,2
29660400,2
29664000,2
29667600,2
29671200,2
29674800,2
29678400,2
29682000,2
29685600,2
29689200,2
29692800,2
29696400,5
29700000,5
29703600,5
29707200,5
29710800,5
29714400,2
29718000,2
29721600,2
29725200,2
29728800,2
29732400,2
29736000,2
29739600,2
29743200,2
29746800,2
29750400,2
29754000,2
29757600,2
29761200,2
29764800,2
29768400,2
29772000,2
29775600,2
29779200,2
29782800,5
29786400,5
29790000,5
29793600,5
29797200,5
29800800,2
29804400,2
29808000,2
29811600,2
29815200,2
29818800,2
29822400,2
29826000,2
29829600,2
29833200,2
29836800,2
29840400,2
29844000,2
29847600,2
29851200,2
29854800,2
29858400,2
29862000,2
29865600,2
29869200,5
29872800,5
29876400,5
29880000,5
29883600,5
29887200,2
29890800,2
29894400,2
29898000,2
29901600,2
29905200,2
29908800,2
29912400,2
29916000,2
29919600,2
29923200,2
29926800,2
29930400,2
29934000,2
29937600,2
29941200,2
29944800,2
29948400,2
29952000,2
29955600,5
29959200,5
29962800,5
29966400,5
29970000,5
29973600,2
29977200,2
29980800,2
29984400,2
29988000,2
29991600,2
29995200,2
29998800,2
30002400,2
30006000,2
30009600,2
30013200,2
30016800,2
30020400,2
30024000,2
30027600,2
30031200,2
30034800,2
30038400,2
30042000,5
30045600,5
30049200,5
30052800,5
30056400,5
30060000,2
30063600,2
30067200,2
30070800,2
30074400,2
30078000,2
30081600,2
30085200,2
30088800,2
30092400,2
30096000,2
30099600,2
30103200,2
30106800,2
30110400,2
30114000,2
30117600,2
30121200,2
30124800,2
30128400,5
30132000,5
30135600,5
30139200,5
30142800,5
30146400,2
30150000,2
30153600,2
30157200,2
30160800,2
30164400,2
30168000,2
30171600,2
30175200,2
30178800,2
30182400,2
30186000,2
30189600,2
30193200,2
30196800,2
30200400,2
30204000,2
30207600,2
30211200,2
30214800,5
30218400,5
30222000,5
30225600,5
30229200,5
30232800,2
30236400,2
30240000,2
30243600,2
30247200,2
30250800,2
30254400,2
30258000,2
30261600,2
30265200,2
30268800,2
30272400,2
30276000,2
30279600,2
30283200,2
30286800,2
30290400,2
30294000,2
30297600,2
30301200,5
30304800,5
30308400,5
30312000,5
30315600,5
30319200,2
30322800,2
30326400,2
30330000,2
30333600,2
30337200,2
30340800,2
30344400,2
30348000,2
30351600,2
30355200,2
30358800,2
30362400,2
30366000,2
30369600,2
30373200,2
30376800,2
30380400,2
30384000,2
30387600,5
30391200,5
30394800,5
30398400,5
30402000,5
30405600,2
30409200,2
30412800,2
30416400,2
30420000,2
30423600,2
30427200,2
30430800,2
30434400,2
30438000,2
30441600,2
30445200,2
30448800,2
30452400,2
30456000,2
30459600,2
30463200,2
30466800,2
30470400,2
30474000,5
30477600,5
30481200,5
30484800,5
30488400,5
30492000,2
30495600,2
30499200,2
30502800,2
30506400,2
30510000,2
30513600,2
30517200,2
30520800,2
30524400,2
30528000,2
30531600,2
30535200,2
30538800,2
30542400,2
30546000,2
30549600,2
30553200,2
30556800,2
30560400,5
30564000,5
30567600,5
30571200,5
30574800,5
30578400,2
30582000,2
30585600,2
30589200,2
30592800,2
30596400,2
30600000,2
30603600,2
30607200,2
30610800,2
30614400,2
30618000,2
30621600,2
30625200,2
30628800,2
30632400,2
30636000,2
30639600,2
30643200,2
30646800,5
30650400,5
30654000,5
30657600,5
30661200,5
30664800,2
30668400,2
30672000,2
30675600,2
30679200,2
30682800,2
30686400,2
30690000,2
30693600,2
30697200,2
30700800,2
30704400,2
30708000,2
30711600,2
30715200,2
30718800,2
30722400,2
30726000,2
30729600,2
30733200,5
30736800,5
30740400,5
30744000,5
30747600,5
30751200,2
30754800,2
30758400,2
30762000,2
30765600,2
30769200,2
30772800,2
30776400,2
30780000,2
30783600,2
30787200,2
30790800,2
30794400,2
30798000,2
30801600,2
30805200,2
30808800,2
30812400,2
30816000,2
30819600,5
30823200,5
30826800,5
30830400,5
30834000,5
30837600,2
30841200,2
30844800,2
30848400,2
30852000,2
30855600,2
30859200,2
30862800,2
30866400,2
30870000,2
30873600,2
30877200,2
30880800,2
30884400,2
30888000,2
30891600,2
30895200,2
30898800,2
30902400,2
30906000,5
30909600,5
30913200,5
30916800,5
30920400,5
30924000,2
30927600,2
30931200,2
30934800,2
30938400,2
30942000,2
30945600,2
30949200,2
30952800,2
30956400,2
30960000,2
30963600,2
30967200,2
30970800,2
30974400,2
30978000,2
30981600,2
30985200,2
30988800,2
30992400,5
30996000,5
30999600,5
31003200,5
31006800,5
31010400,2
31014000,2
31017600,2
31021200,2
31024800,2
31028400,2
31032000,2
31035600,2
31039200,2
31042800,2
31046400,2
31050000,2
31053600,2
31057200,2
31060800,2
31064400,2
31068000,2
31071600,2
31075200,2
31078800,5
31082400,5
31086000,5
31089600,5
31093200,5
31096800,2
31100400,2
31104000,2
31107600,2
31111200,2
31114800,2
31118400,2
31122000,2
31125600,2
31129200,2
31132800,2
31136400,2
31140000,2
31143600,2
31147200,2
31150800,2
31154400,2
31158000,2
31161600,2
31165200,5
31168800,5
31172400,5
31176000,5
31179600,5
31183200,2
31186800,2
31190400,2
31194000,2
31197600,2
31201200,2
31204800,2
31208400,2
31212000,2
31215600,2
31219200,2
31222800,2
31226400,2
31230000,2
31233600,2
31237200,2
31240800,2
31244400,2
31248000,2
31251600,5
31255200,5
31258800,5
31262400,5
31266000,5
31269600,2
31273200,2
31276800,2
31280400,2
31284000,2
31287600,2
31291200,2
31294800,2
31298400,2
31302000,2
31305600,2
31309200,2
31312800,2
31316400,2
31320000,2
31323600,2
31327200,2
31330800,2
31334400,2
31338000,5
31341600,5
31345200,5
31348800,5
31352400,5
31356000,2
31359600,2
31363200,2
31366800,2
31370400,2
31374000,2
31377600,2
31381200,2
31384800,2
31388400,2
31392000,2
31395600,2
31399200,2
31402800,2
31406400,2
31410000,2
31413600,2
31417200,2
31420800,2
31424400,5
31428000,5
31431600,5
31435200,5
31438800,5
31442400,2
31446000,2
31449600,2
31453200,2
31456800,2
31460400,2
31464000,2
31467600,2
31471200,2
31474800,2
31478400,2
31482000,2
31485600,2
31489200,2
31492800,2
31496400,2
31500000,2
31503600,2
31507200,2
31510800,5
31514400,5
31518000,5
31521600,5
31525200,5
31528800,2
31532400,2
31536000,2
